service group,staff group,metric,n_months,boxcox_lambda,unique_id,nperiods,seasonal_period,trend,spike,linearity,curvature,e_acf1,e_acf10,seasonal_strength,peak,trough,x_acf1,x_acf10,diff1_acf1,diff1_acf10,diff2_acf1,diff2_acf10,seas_acf1,total_sum,mean,variance,median,p2point5,p5,p25,p75,p95,p97point5,max,min
CYP & Families Services,Add Prof Scientific and Technic,Hires,49,-15.415410868150865,CYP & Families Services|Add Prof Scientific and Technic|Hires,1,12,0.10292540184880661,8.938056628117179e-11,0.00912703122771625,-0.008009618506957444,-0.08237098924142339,0.19348052422761972,0.3432911992383191,1,1,-0.0684803449746549,0.12080206168322243,-0.42991018307424345,0.4722431554153157,-0.6323093598354393,0.9689385755536856,-0.08843499349860695,0.2594761400311667,0.0052954314292074835,0.00032204018137425177,0.0,0.0,0.0,0.0,0.0,0.06486866462995826,0.06486866462995826,0.06487014614129194,0.0
CYP & Families Services,Add Prof Scientific and Technic,Leavers,37,-10.62615925281802,CYP & Families Services|Add Prof Scientific and Technic|Leavers,1,12,0.20606467627540692,4.714415542234931e-10,-0.03225315732922969,0.03801678648781584,-0.5412417331227005,0.671049347068509,0.6856987553791192,3,3,-0.12922297297297297,0.3358059315650109,-0.44590643274853814,0.4928204404774121,-0.6407649558679307,0.7191841158961478,-0.08192567567567567,0.47023918162473444,0.012709167070938769,0.0010624619240124922,0.0,0.0,0.0,0.0,0.0,0.09404783632494688,0.09404783632494688,0.09404783632494688,0.0
CYP & Families Services,Add Prof Scientific and Technic,Sickness,434,-0.3351453581936721,CYP & Families Services|Add Prof Scientific and Technic|Sickness,1,12,0.09275055998737947,0.0032992969299036495,1.24944433095688,-7.39671553720983,-0.03406497717027146,0.1581286732111845,0.1764602753207588,12,10,0.045450911870464454,0.044703427737036214,-0.46301018169400965,0.2569569825074439,-0.6361331182830204,0.4533374836828327,0.002383431598743434,-2983.780941331108,-6.87507129338965,32.851928706920994,-10.98175280206349,-10.98175280206349,-10.98175280206349,-10.98175280206349,0.6224752037244453,1.9026741451574303,1.9648909445067453,2.1379489941477083,-10.98175280206349
CYP & Families Services,Additional Clinical Services,Hires,180,-5.299527975784597,CYP & Families Services|Additional Clinical Services|Hires,1,12,0.1209320340428588,1.2937471717915425e-09,-0.06800350449245524,-0.12979450024925132,-0.203707674243598,0.11627675774318467,0.10738052293381228,6,10,-0.0824689089086769,0.04947478730303864,-0.5071243784633368,0.32651376589153036,-0.6452192284021526,0.5030171126701202,-0.11875556038541017,6.845362226565987,0.03802979014758882,0.0056216330919281144,0.0,0.0,0.0,0.0,0.0,0.18411645442929858,0.1885743960321056,0.1886587642660319,0.0
CYP & Families Services,Additional Clinical Services,Leavers,150,-6.286922115841649,CYP & Families Services|Additional Clinical Services|Leavers,1,12,0.154388730455139,7.520418420409742e-10,-0.02818713439972903,0.014258478740722268,-0.25410416890761583,0.10104275140337608,0.19456628563820222,9,1,-0.09137137004805265,0.0321260505266794,-0.551252229795412,0.3216070722977183,-0.6888383225060228,0.5354517543754974,-0.11952166563941981,4.410062641224874,0.02940041760816583,0.0037916533259278345,0.0,0.0,0.0,0.0,0.0,0.15702325692055827,0.15890114683042939,0.15903425587050182,0.0
CYP & Families Services,Additional Clinical Services,Sickness,1178,-0.028864128641705705,CYP & Families Services|Additional Clinical Services|Sickness,1,12,0.11442371970783283,4.666258847914703e-05,-1.0783963124251368,-4.909032863516831,-0.14289154299327347,0.07427281393880249,0.17689854332114707,7,2,-0.010684769481653653,0.0071683145046755915,-0.5227091539274338,0.27733916430226146,-0.6866956635749506,0.5174277683245436,-0.004373143695804881,-1505.2798654838612,-1.2778267109370638,12.20169295239985,-0.2113631645805174,-4.925263776326779,-4.925263776326779,-4.925263776326779,2.019442644159758,3.497554828984247,3.922134370683119,4.530030234994529,-4.925263776326779
CYP & Families Services,Administrative and Clerical,Hires,114,-8.73815636786634,CYP & Families Services|Administrative and Clerical|Hires,1,12,0.14777962134130818,2.758168355122045e-10,0.05836201878085512,0.015873052163345114,-0.3269206529720038,0.15573459877916657,0.3303159512023617,6,3,-0.028298110686320307,0.02035829035679818,-0.5176959229737745,0.27867207174554937,-0.6817827427004315,0.5167025552919817,0.055129285268711116,1.941462113731101,0.017030369418693868,0.0016695431224278846,0.0,0.0,0.0,0.0,0.0,0.11417261739082536,0.11417261739082536,0.11443998868843135,0.0
CYP & Families Services,Administrative and Clerical,Leavers,119,-13.63242260245499,CYP & Families Services|Administrative and Clerical|Leavers,1,12,0.05732216811666091,5.200072206418634e-11,-0.017033899127127675,0.00893260230258143,-0.08804375953249734,0.1563986178832016,0.18875619888126383,4,10,-0.020414049630215918,0.07839102380939247,-0.45454610282354246,0.3512406711692273,-0.6406253830156919,0.6269545994020398,-0.002743613258831477,0.8801908379804526,0.007396561663701283,0.0004919571200010508,0.0,0.0,0.0,0.0,0.0,0.07334875704388448,0.07334875704388448,0.07335451049772335,0.0
CYP & Families Services,Administrative and Clerical,Sickness,1100,-0.15386040423074707,CYP & Families Services|Administrative and Clerical|Sickness,1,12,0.11507860765465516,0.00010115906978826817,8.614701328081336,-5.249232003109291,-0.13414594803961402,0.08452169743072027,0.18363330861120364,11,5,-0.0064308393596226796,0.010547604925926223,-0.5231575023396783,0.27974522437688415,-0.6824430346142819,0.5015725451687935,0.03130431718389382,-3433.528668564586,-3.1213896986950784,16.73922922298526,-6.701210167152732,-6.701210167152732,-6.701210167152732,-6.701210167152732,1.2896005697334723,2.6756310429035244,2.8490956399336653,3.1421729827915903,-6.701210167152732
CYP & Families Services,Allied Health Professionals,Hires,46,-8.12781698424341,CYP & Families Services|Allied Health Professionals|Hires,1,12,0.307332422187676,1.2075851884649172e-09,0.019071454111257304,0.09238576648581148,-0.2556588468437378,0.39155987435996864,0.5669036068945945,2,7,-0.03747139588100686,0.13314881931098768,-0.6181887366818875,0.7095544137134572,-0.7857142857142857,1.1439909297052155,-0.10755148741418766,0.980755292412822,0.021320767226365694,0.002207214725642445,0.0,0.0,0.0,0.0,0.0,0.12259441155160275,0.12259441155160275,0.12259441155160275,0.0
CYP & Families Services,Allied Health Professionals,Leavers,40,-7.407541510897159,CYP & Families Services|Allied Health Professionals|Leavers,1,12,0.24708637424964575,2.0746518520754345e-09,-0.08310680051335956,-0.04609291837321719,-0.21258702252413633,0.5739383813110708,0.552759496174702,2,10,-0.04356863948057751,0.2714255501658549,-0.49953120515580646,0.6538212048079203,-0.599494110830651,0.7294530016183124,-0.012039570876674694,0.9401727121448814,0.023504317803622034,0.002671213653479355,0.0,0.0,0.0,0.0,0.0,0.1342024341047891,0.13422132594007305,0.13495810751614667,0.0
CYP & Families Services,Allied Health Professionals,Sickness,307,-0.05331645083292874,CYP & Families Services|Allied Health Professionals|Sickness,1,12,0.11461711313891498,0.0006018628177332537,-7.573573506632345,1.3494292157036518,-0.20815096616295264,0.09516203183968036,0.19622024745529,8,1,-0.062497392297141435,0.017771058633680205,-0.5448033154518234,0.3094061057248001,-0.6881351841240559,0.5171700311137021,0.05718551746653373,-553.9949539533441,-1.8045438239522609,11.890766279707554,-0.5008672925420317,-5.219783528489509,-5.219783528489509,-5.219783528489509,1.5620943480966005,2.915901343401557,3.055681568065914,3.4554982127629557,-5.219783528489509
CYP & Families Services,Estates and Ancillary,Sickness,24,,CYP & Families Services|Estates and Ancillary|Sickness,1,12,0.0,0.0,0.0,-0.0,,,0.0,1,1,,,,,,,,0.0,0.0,0.0,0.0,0.0,0.0,0.0,0.0,0.0,0.0,0.0,0.0
CYP & Families Services,Medical and Dental,Hires,131,-1.677416431482906,CYP & Families Services|Medical and Dental|Hires,1,12,0.1688232000511678,1.0386670893394688e-07,-0.006460593517222734,0.2396065449669673,-0.018009254356182038,0.04912641170943956,0.24597708890814962,7,4,0.08544070869942005,0.05068188019441287,-0.44099695837020414,0.20425404605141856,-0.6204736478923903,0.3985023836202907,0.002496466516135467,22.4914936508922,0.17169079122818473,0.054999986900765754,0.0,0.0,0.0,0.0,0.40977182152548736,0.5700003989110021,0.576793432950875,0.585476393637513,0.0
CYP & Families Services,Medical and Dental,Leavers,120,-1.5434426907849133,CYP & Families Services|Medical and Dental|Leavers,1,12,0.17046909524838538,1.4003569551206697e-07,-0.338134471015127,0.21744051624887145,0.05606686090028056,0.09726830627332017,0.2791913114936233,5,3,0.21923695622093947,0.14495235741235474,-0.4093913129073605,0.2209499152424769,-0.6452777770456989,0.5263872108520857,-0.052021760997267325,22.741822110108256,0.18951518425090214,0.06498099269839357,0.0,0.0,0.0,0.0,0.4256291354151355,0.6217420074021497,0.6217420074021497,0.6319000599275159,0.0
CYP & Families Services,Medical and Dental,Sickness,521,-0.3633003292475986,CYP & Families Services|Medical and Dental|Sickness,1,12,0.07957596715338333,0.003137190496620741,7.252136023484125,-20.298946532771925,-0.10439434676033482,0.07106417185727258,0.1574229298695069,12,7,-0.027818348440119402,0.008024865956142964,-0.5035856936625465,0.2584072581183645,-0.6706987728301432,0.48644642461454396,-0.005185098576562024,-4020.4282087232095,-7.7167527998526095,37.62075148288912,-11.914239407878629,-11.914239407878629,-11.914239407878629,-11.914239407878629,0.6166334531428375,1.952630184896523,1.9936559709913706,2.126857737206326,-11.914239407878629
CYP & Families Services,Nursing and Midwifery Registered,Hires,162,-3.2484831731957025,CYP & Families Services|Nursing and Midwifery Registered|Hires,1,12,0.1292505487363963,7.851474474975763e-09,-0.09838398084694858,-0.031820169150596274,-0.1128350614751408,0.0980814185304826,0.19844423343534767,1,11,0.006591413334470317,0.05674043180804979,-0.4509328404631157,0.2545309601846096,-0.618251675440789,0.4176723486363305,0.008941000557009913,11.801048225507799,0.07284597670066542,0.01580894392524931,0.0,0.0,0.0,0.0,0.20658350277303134,0.3044276811195875,0.3061411212883574,0.3074773495388235,0.0
CYP & Families Services,Nursing and Midwifery Registered,Leavers,192,-3.890084928484009,CYP & Families Services|Nursing and Midwifery Registered|Leavers,1,12,0.10200782283458154,3.0046118915959974e-09,-0.05023213428975566,0.08681804366846418,-0.1123612913287743,0.14438339323462882,0.23182312520346948,7,6,-0.08568220254071876,0.05416326484983233,-0.5982028125303093,0.40422124817243615,-0.7345744255281447,0.6447251312476733,0.05502488178631606,12.191610700604816,0.06349797239898342,0.011522275173649708,0.0,0.0,0.0,0.0,0.23972541036820322,0.2534828426155803,0.2540254341395125,0.2565729018103851,0.0
CYP & Families Services,Nursing and Midwifery Registered,Sickness,1112,-0.06385401192339227,CYP & Families Services|Nursing and Midwifery Registered|Sickness,1,12,0.11466622802506676,8.561766579818509e-05,4.80210708397016,-5.39760407300508,-0.12759388433372026,0.06614292466230075,0.18411897138281996,6,2,-0.0030341115441396057,0.006795371998894281,-0.4808419962456352,0.2397787590449844,-0.6485854085247064,0.4444843949529488,0.00578153955693704,-1704.8555636104093,-1.533143492455404,15.041336755560241,-0.5021797328238926,-5.353814324717981,-5.353814324717981,-5.353814324717981,2.3534106078894776,3.8559950776342093,4.3349360780053505,4.732464770637007,-5.353814324717981
Clinical Support and Cancer Services,Add Prof Scientific and Technic,Hires,57,-3.120025198079983,Clinical Support and Cancer Services|Add Prof Scientific and Technic|Hires,1,12,0.14209307768593926,5.398378918880883e-08,-0.12171542885688816,0.04984232968715356,-0.18460298496539126,0.3589042095799982,0.34077241641055345,8,4,-0.12791154054428744,0.13852396695585967,-0.49916394688228377,0.4473517478104487,-0.5953353757412044,0.5613031773538613,-0.2122782592297652,4.712910999242517,0.08268264910951785,0.017889458916232313,0.0,0.0,0.0,0.0,0.28364468120197156,0.31010596323754247,0.31380432707493017,0.3197704313061096,0.0
Clinical Support and Cancer Services,Add Prof Scientific and Technic,Leavers,52,-3.060879603690082,Clinical Support and Cancer Services|Add Prof Scientific and Technic|Leavers,1,12,0.2644728599949968,4.603257592690596e-08,0.05701916676751483,0.3061613904816378,-0.3050493954421516,0.34805243071615316,0.5401061600900969,8,4,-0.06575898206203369,0.18790648078565958,-0.4706157938203902,0.4908657034308412,-0.6147768414191999,0.6961990803459005,0.026352254922072393,4.7400136899457825,0.09115410942203428,0.019114203294919852,0.0,0.0,0.0,0.0,0.2875529860882188,0.3153861685950752,0.3153861685950752,0.3153861685950752,0.0
Clinical Support and Cancer Services,Add Prof Scientific and Technic,Sickness,162,-0.006455140831533042,Clinical Support and Cancer Services|Add Prof Scientific and Technic|Sickness,1,12,0.10393783486772468,0.003128438144304491,9.332344263788837,-6.5113871364284766,-0.05488939696135085,0.1264527637824504,0.15784681037977422,3,2,0.043391225796381376,0.056068758899544484,-0.4818819544000424,0.2746875807821853,-0.6774774924162272,0.5510528341315882,-0.0020213089280770955,-125.45747285692268,-0.774428844795819,13.619210406968326,0.10022657080342538,-4.674302516360851,-4.674302516360851,-4.674302516360851,3.0211938676330954,3.9620113523239575,4.223654645569244,4.592205173249214,-4.674302516360851
Clinical Support and Cancer Services,Additional Clinical Services,Hires,196,-2.700568628290098,Clinical Support and Cancer Services|Additional Clinical Services|Hires,1,12,0.10708650938621989,9.950109944692765e-09,0.0033215999011735452,0.16074332107580294,0.003404520960860829,0.19880430418506292,0.1917391691687268,1,6,0.07077221286124127,0.059046849826719545,-0.48949176302893566,0.2944249404733301,-0.696212825887436,0.6202003647925971,-0.027981689100531705,19.586601284754366,0.09993163920793044,0.02344634406832914,0.0,0.0,0.0,0.0,0.31332941640498774,0.35123575620727787,0.3615296349451596,0.36972196878014996,0.0
Clinical Support and Cancer Services,Additional Clinical Services,Leavers,135,-3.8638675297551295,Clinical Support and Cancer Services|Additional Clinical Services|Leavers,1,12,0.14003824221023253,7.0868198237097935e-09,-0.1397029732698609,0.03071933430351309,-0.1760704645059721,0.244706791239798,0.24365892462855676,8,8,-0.07064907088967806,0.095895716204245,-0.5769520940749358,0.47704790530357033,-0.7118354064601691,0.7201254801937422,-0.06265132794322474,7.887783478440148,0.058428025766223315,0.011084045416000467,0.0,0.0,0.0,0.0,0.0,0.2558443379036404,0.25758709505535216,0.25879053951598713,0.0
Clinical Support and Cancer Services,Additional Clinical Services,Sickness,648,0.10628396169530989,Clinical Support and Cancer Services|Additional Clinical Services|Sickness,1,12,0.09329078003329083,0.00017701323480913105,3.090815681774097,-6.071337830935174,-0.1251759011666824,0.06446992956696476,0.200778831577476,7,9,-0.02190262051106024,0.016986091652380016,-0.5046689042570879,0.26821299127624987,-0.6703374134106561,0.49948254580444995,0.04662251430702611,478.71535222951786,0.7387582596134535,11.481004469208969,1.4965231651174025,-3.6415661942685276,-3.6415661942685276,-3.6415661942685276,3.6743521680023634,5.40252592459167,5.801898748319087,6.807913485876651,-3.6415661942685276
Clinical Support and Cancer Services,Administrative and Clerical,Hires,120,-6.27277288906549,Clinical Support and Cancer Services|Administrative and Clerical|Hires,1,12,0.11300970424388113,1.2723449926995143e-09,0.0010434931247983222,-0.04150759253252694,-0.05615274903855916,0.11406657733252035,0.18552497501357945,7,10,-0.013505883367789464,0.038320344012054655,-0.48634566887926006,0.27227769034387744,-0.678594745779469,0.5562379044697187,-0.0686909940072723,3.6288526149128555,0.03024043845760713,0.0038892691310041384,0.0,0.0,0.0,0.0,0.0,0.15735732528476568,0.15925707376724152,0.15939246471810736,0.0
Clinical Support and Cancer Services,Administrative and Clerical,Leavers,121,-7.862143353035144,Clinical Support and Cancer Services|Administrative and Clerical|Leavers,1,12,0.13154337907532088,4.76152710225978e-10,-0.038003100032198915,-0.09892170072394749,-0.29873558464187877,0.2467372081510709,0.22571014268757106,7,5,-0.13933307867429656,0.10952582304497005,-0.6313549140737104,0.6274450448185561,-0.7640835476602056,0.9774802041286984,0.10175992815018531,2.5344746758717167,0.020946071701419145,0.0022340958857889177,0.0,0.0,0.0,0.0,0.0,0.1266451180588602,0.1266451180588602,0.1271692229570311,0.0
Clinical Support and Cancer Services,Administrative and Clerical,Sickness,705,-0.013919454170570507,Clinical Support and Cancer Services|Administrative and Clerical|Sickness,1,12,0.10015661876084192,0.00013250563338074696,-2.098954727434858,-3.818651526299213,-0.11920853717107475,0.09904210086283002,0.19766347893986014,4,2,-0.007961420730591109,0.022910377825973646,-0.5113702863609331,0.28836791065384104,-0.6786706521240798,0.5184305865111619,0.006246925116430794,-751.7038088782165,-1.0662465374159098,12.311462022613409,0.009949641808775863,-4.755974208205011,-4.755974208205011,-4.755974208205011,2.3414653373903924,3.616657803119951,3.8713248666890654,4.280803322689751,-4.755974208205011
Clinical Support and Cancer Services,Allied Health Professionals,Hires,234,-2.838891691778448,Clinical Support and Cancer Services|Allied Health Professionals|Hires,1,12,0.11306146239549852,5.017225138092949e-09,-0.007172064743035866,-0.19657393918120342,-0.1810955315280897,0.11402499644779582,0.1797404799191198,1,10,-0.0038607949452486687,0.0379488405611003,-0.527032919724006,0.31618513851931795,-0.6924918059381463,0.5644572504989112,-0.1061032598335754,22.34579509801378,0.09549485084621274,0.0211217627895042,0.0,0.0,0.0,0.0,0.3030167648238476,0.3366777393197996,0.3453688798467148,0.351739684076582,0.0
Clinical Support and Cancer Services,Allied Health Professionals,Leavers,238,-1.3332905854563333,Clinical Support and Cancer Services|Allied Health Professionals|Leavers,1,12,0.13825925845807507,4.172516476820718e-08,-0.030508680690459974,0.018368651059598402,-0.06102969751452965,0.1169424848568747,0.17992913323449766,2,12,0.061477730553853374,0.03872614989981104,-0.47956503257711586,0.2972551862195553,-0.6653231468182216,0.5715260194296473,-0.0010020489128494607,52.22907545900293,0.21944989688656694,0.06584126669046673,0.0,0.0,0.0,0.0,0.4523679867788488,0.5849538738826788,0.6341755861428239,0.7099565106726392,0.0
Clinical Support and Cancer Services,Allied Health Professionals,Sickness,585,0.15590308913781867,Clinical Support and Cancer Services|Allied Health Professionals|Sickness,1,12,0.09186683955535035,0.00031773860091165347,3.8910074406236386,-3.3446892009976015,-0.112647343266987,0.08119047300319272,0.1676351393861878,7,12,-0.010769068132100407,0.02036648638771333,-0.4619739227357446,0.23944172517302764,-0.6299233495705794,0.43038732468130975,-0.03938281657107273,976.0211013715677,1.668412139096697,13.337177204277339,2.6220419088965268,-3.2857198955232385,-3.2857198955232385,-3.2857198955232385,4.747072736693363,6.508533766686687,6.814924322743062,7.704855491936023,-3.2857198955232385
Clinical Support and Cancer Services,Estates and Ancillary,Sickness,24,,Clinical Support and Cancer Services|Estates and Ancillary|Sickness,1,12,0.0,0.0,0.0,-0.0,,,0.0,1,1,,,,,,,,0.0,0.0,0.0,0.0,0.0,0.0,0.0,0.0,0.0,0.0,0.0,0.0
Clinical Support and Cancer Services,Healthcare Scientists,Sickness,133,0.004699580759415236,Clinical Support and Cancer Services|Healthcare Scientists|Sickness,1,12,0.0463036409178601,0.003076028141764843,-1.4192260742343548,2.5321416130382204,-0.28579845636150153,0.1774150489002687,0.3474682981993894,6,10,-0.2826346811733717,0.1514914230948105,-0.5984502893171211,0.4552436950489921,-0.7032418021994028,0.6189770795138746,0.08491166016594134,-130.3082031740998,-0.979760926121051,11.09730063185011,0.009950563507387858,-4.555694356806131,-4.555694356806131,-4.555694356806131,1.766875907972574,3.5446085582546263,3.6466764786063246,3.863514619886174,-4.555694356806131
Clinical Support and Cancer Services,Medical and Dental,Hires,62,-3.8922227838164742,Clinical Support and Cancer Services|Medical and Dental|Hires,1,12,0.34203128614278144,1.0856695753066899e-08,0.2721053625903482,-0.04565212945445031,-0.006140277967126861,0.1315404578655295,0.5084215445169019,3,4,0.10117841648383384,0.08470472321951444,-0.5029904709006375,0.37313513329678305,-0.6701661391319675,0.6654021443103094,0.09540036802226519,4.117132853539144,0.06640536860547007,0.011872637979271843,0.0,0.0,0.0,0.0,0.23961939771653865,0.23961939771653865,0.25335200979014993,0.2557572659273034,0.0
Clinical Support and Cancer Services,Medical and Dental,Leavers,58,-4.810175079679791,Clinical Support and Cancer Services|Medical and Dental|Leavers,1,12,0.24257934372126844,3.8410133473466945e-09,0.09053101718719958,0.15425097130863719,-0.2139713388072899,0.13438723685346798,0.6976493465739687,9,9,-0.16886033573928053,0.1079716440149677,-0.6067366542094801,0.4099327219852265,-0.7240890418366585,0.6188812974123997,0.21915099103527774,2.6380528939316514,0.045483670585028474,0.007288921611439808,0.0,0.0,0.0,0.0,0.0,0.2068387336553622,0.2068387336553622,0.2068387336553622,0.0
Clinical Support and Cancer Services,Medical and Dental,Sickness,179,-0.6551351882770707,Clinical Support and Cancer Services|Medical and Dental|Sickness,1,12,0.06759021094425965,0.9564078717979171,25.963457411168573,-18.951069236019254,-0.18335746513865317,0.12811243169093295,0.1274572896725904,1,3,-0.10511642275957286,0.07620802520590285,-0.49942562498527,0.2880297761889282,-0.6505933461832158,0.46823388260875626,-0.09933060303614315,-4143.881646646377,-23.150176796907132,158.07311614642146,-29.65814521683539,-29.65814521683539,-29.65814521683539,-29.65814521683539,-29.65814521683539,1.3658418532080128,1.3741429829478504,1.4260071089897983,-29.65814521683539
Clinical Support and Cancer Services,Nursing and Midwifery Registered,Leavers,46,-13.26036024796464,Clinical Support and Cancer Services|Nursing and Midwifery Registered|Leavers,1,12,0.5424333165668547,1.4248164792689864e-11,-0.061582233618200456,0.035850233284553244,0.0107406833811852,0.256054143971387,0.744932486630669,1,2,0.12417815482502649,0.3978527161683624,-0.28669497523000703,0.4706155660034789,-0.4123463551174395,0.4154240079053792,0.16818663838812295,0.37702523434903795,0.008196200746718216,0.0005630984657752487,0.0,0.0,0.0,0.0,0.0,0.07540504686980759,0.07540504686980759,0.07540504686980759,0.0
Clinical Support and Cancer Services,Nursing and Midwifery Registered,Sickness,327,0.08314613411230483,Clinical Support and Cancer Services|Nursing and Midwifery Registered|Sickness,1,12,0.08158845655847291,0.0006541263729653328,5.400544084108261,0.9380989925845136,-0.16278669323920758,0.13530822560122335,0.24015576380488102,5,10,-0.07870913845699351,0.05707493747210837,-0.5369704006523132,0.3260077645240904,-0.6944760627391219,0.5679856658362507,0.036606405339742555,104.03418094959362,0.3181473423534973,12.122901555728605,1.2246911152262785,-3.8260389364352054,-3.8260389364352054,-3.8260389364352054,3.5889252218005785,4.612085864160729,4.847935035893082,5.383954087089826,-3.8260389364352054
Clinical Support and Cancer Services,Students,Sickness,58,-1.2583364245916528,Clinical Support and Cancer Services|Students|Sickness,1,12,0.11042750692846304,22790.593548417233,-28.894434219380884,-81.0543198289862,-0.10373396393542299,0.2861387176757332,0.3321531902200462,5,8,-0.01759073236088833,0.14630609570310546,-0.5000056468133576,0.3781237100403222,-0.6905125897200541,0.7090139066431509,-0.15314268748464538,-13013.346684077953,-224.36804627720608,8232.443743420688,-260.3469122053722,-260.3469122053722,-260.3469122053722,-260.3469122053722,-260.3469122053722,0.6233158173792586,0.7108248474958612,0.7261503523985114,-260.3469122053722
Corporate Support Services,Add Prof Scientific and Technic,Hires,74,-0.8099944303208334,Corporate Support Services|Add Prof Scientific and Technic|Hires,1,12,0.2671989228515823,3.590366918203718e-06,-0.5349668124096141,0.6482220254255725,0.18329833066735443,0.22823874328008065,0.2695158353481554,9,1,0.3544464350769677,0.3547235509963319,-0.453990581160825,0.2943457266155948,-0.6980188713207072,0.6578951827638237,-0.30344431106389397,27.571060864160536,0.37258190356973697,0.24271277856268408,0.0,0.0,0.0,0.0,0.806572479184261,1.154508407649334,1.160042315000515,1.1652607162149793,0.0
Corporate Support Services,Add Prof Scientific and Technic,Leavers,81,-2.1771956737646048,Corporate Support Services|Add Prof Scientific and Technic|Leavers,1,12,0.35391091859100654,7.476585528797238e-08,-0.05821955253051672,-0.22523109635998434,0.1607828840637637,0.27897118433019574,0.3402826288133791,9,9,0.3397246288366993,0.21017347894112146,-0.33524817738984186,0.20866423772848325,-0.5633535010604769,0.4094046937582332,-0.06250623167458993,10.185791858980556,0.12575051677753774,0.03440929351223038,0.0,0.0,0.0,0.0,0.3577514374259653,0.45001859680346606,0.45001859680346606,0.4543416751032016,0.0
Corporate Support Services,Add Prof Scientific and Technic,Sickness,369,-0.6733263122312403,Corporate Support Services|Add Prof Scientific and Technic|Sickness,1,12,0.1085007852682055,0.25121126929313237,-18.676277683724244,-4.737491687937521,-0.13189420086827514,0.10907472085838249,0.19036402390365936,8,4,0.024178843238597873,0.021357743470691255,-0.4990299610938477,0.27149191383752846,-0.6673653993424851,0.4909826510944574,-0.017608070688630358,-9042.236847010205,-24.50470690246668,177.83326602368865,-31.508233417162465,-31.508233417162465,-31.508233417162465,-31.508233417162465,-31.508233417162465,1.2590107122544658,1.326890758087008,1.3768069930655455,-31.508233417162465
Corporate Support Services,Additional Clinical Services,Hires,157,0.45585938305871915,Corporate Support Services|Additional Clinical Services|Hires,1,12,0.16506864935173382,0.00021585196972242967,-4.824033939088017,0.027383394452303478,-0.2871962080999353,0.2634439133909549,0.212729297817144,5,2,-0.1303059969891013,0.12244268841884587,-0.5704342063435254,0.46271121928017533,-0.6949264896578486,0.6527580483808081,-0.024862269732839806,451.5648704544955,2.876209365952201,2.8551468448264643,3.1325104545046627,0.0,0.0,1.4260137851238277,4.072890729936072,5.433655090129309,6.018913451842698,6.966974682061352,0.0
Corporate Support Services,Additional Clinical Services,Leavers,169,-0.022608414170735558,Corporate Support Services|Additional Clinical Services|Leavers,1,12,0.1975826818524452,3.359676138180493e-05,2.288160516450514,-0.8990200462378917,-0.09346472658267697,0.06857025031830868,0.19121527370433278,1,5,0.09285754347484022,0.05539425816579056,-0.5131439589556167,0.3432254164621831,-0.683537456036417,0.6232462930018726,0.03464980289453654,308.1352921739057,1.823285752508318,0.8991011440358259,1.9037268833107877,0.0,0.0,1.3647949955225558,2.3340560165637765,2.9046928609170197,3.9834590114320116,5.019497151621329,0.0
Corporate Support Services,Additional Clinical Services,Sickness,394,-0.47337201050916305,Corporate Support Services|Additional Clinical Services|Sickness,1,12,0.1003654977513847,0.019429113731909305,-0.8786872567611812,-4.35459145087,-0.14862818632418343,0.11813249337256318,0.19312501291596929,7,8,-0.081998660803275,0.048386756765093124,-0.535967207969384,0.35183494817675265,-0.6841241671648678,0.5669846173800983,-0.048511894278397916,-4664.87386219553,-11.839781376130787,61.96362942343823,-16.574576593895753,-16.574576593895753,-16.574576593895753,-16.574576593895753,0.009926933538393617,1.7057145731330872,1.7739909362673667,1.8515531285883802,-16.574576593895753
Corporate Support Services,Administrative and Clerical,Hires,478,-2.6700481453987965,Corporate Support Services|Administrative and Clerical|Hires,1,12,0.14406144003653198,1.6487170650978492e-09,-0.004109029431172527,0.17308621156976972,-0.13541531139231533,0.10359782988600574,0.1972432259996857,5,1,0.015057418473419381,0.01377686574117167,-0.5345968562492915,0.30764821466784037,-0.69758388033924,0.5597652198487033,0.005092818889391883,44.792960845302346,0.09370912310732708,0.02299474596771674,0.0,0.0,0.0,0.0,0.315679165994479,0.36942945813560246,0.37147263421927296,0.3742968255764892,0.0
Corporate Support Services,Administrative and Clerical,Leavers,583,-2.2129113201920356,Corporate Support Services|Administrative and Clerical|Leavers,1,12,0.1262655865511565,2.282434040384298e-09,-0.1303869990605725,-0.17185997583416807,-0.08228723634372745,0.08475975438287679,0.1979961887169811,3,9,0.021677015553814183,0.003946403621428141,-0.48794488975527733,0.24719729413506175,-0.6592534900484586,0.4702600844036482,-0.04868733508335184,65.17001418499581,0.11178390083189675,0.0324514297686154,0.0,0.0,0.0,0.0,0.35442062161275156,0.4433219016594832,0.44872594831935236,0.45184277810419654,0.0
Corporate Support Services,Administrative and Clerical,Sickness,2623,-0.1751113739527898,Corporate Support Services|Administrative and Clerical|Sickness,1,12,0.11106701836589217,2.4645917643006492e-05,5.102886790799727,-5.543545910335076,-0.13348153855457434,0.061167757621567766,0.16835258248800544,8,4,-0.020048122651340563,0.0032457382175868363,-0.5080997595635129,0.26275826881697373,-0.6692175762828663,0.4777956678870954,0.005058908600566082,-8942.045173962464,-3.40909080212065,19.24386486258399,-7.080463342986714,-7.080463342986714,-7.080463342986714,-7.080463342986714,1.6145050880496379,2.710894580453087,2.865830611796504,3.2267765856147146,-7.080463342986714
Corporate Support Services,Allied Health Professionals,Hires,73,-2.0662893573481527,Corporate Support Services|Allied Health Professionals|Hires,1,12,0.01710150475446659,1.4202967221353148e-07,0.12706967063755858,-0.14566290867802578,0.016882929510676475,0.26870621575613995,0.30256489763927075,8,10,0.0012689194168104179,0.12119179113620675,-0.36129975944368686,0.23338884567529805,-0.553597453803999,0.37949468933331815,-0.12307819723157701,10.344080597719769,0.1416997342153393,0.03732806821682115,0.0,0.0,0.0,0.0,0.36840298189950954,0.4429248280318037,0.45840606858993854,0.466559911393769,0.0
Corporate Support Services,Allied Health Professionals,Leavers,82,-0.9870750340927179,Corporate Support Services|Allied Health Professionals|Leavers,1,12,0.11937636526942375,9.814738961629224e-07,0.14758987335890694,0.04066573585393285,-0.19212187979664622,0.2411962338967146,0.3275343065819828,6,10,-0.04080170734231076,0.1296425999447005,-0.45326041824051694,0.5107473746423284,-0.6156240266172177,0.8128784199695066,-0.053906379973151466,25.30498461918435,0.3085973734046872,0.11702023544331736,0.0,0.0,0.0,0.0,0.6705667799302752,0.8646802813561709,0.9312988120657387,0.9546688098074676,0.0
Corporate Support Services,Allied Health Professionals,Sickness,355,-1.9646558111281789,Corporate Support Services|Allied Health Professionals|Sickness,1,12,0.07571327012603224,66965654.16479893,-756.9976206849824,415.18864432570183,-0.1548954925602896,0.09927318172645906,0.17684161505284313,12,3,-0.0650023145035964,0.02099292976335991,-0.5000000852370217,0.27394140060743116,-0.6559130323575698,0.47628069907285137,0.03805475713446888,-1396931.9105176951,-3935.0194662470285,1538493.3291155575,-4324.879742743932,-4324.879742743932,-4324.879742743932,-4324.879742743932,-4324.879742743932,0.36386255868568146,0.47751564679303826,0.5085494769842565,-4324.879742743932
Corporate Support Services,Estates and Ancillary,Hires,313,-2.121567501778403,Corporate Support Services|Estates and Ancillary|Hires,1,12,0.13095526167192828,7.131522667932894e-09,-0.26945365877287303,-0.13195564118339786,-0.2140605693567548,0.13239841793686316,0.2348695008838796,4,8,-0.07751802469636229,0.04569995406230813,-0.5225128958418833,0.36731594194387696,-0.6700909768831973,0.6159292984746771,0.08788946873888982,42.36247427565819,0.13534336829283766,0.03586774231356506,0.0,0.0,0.0,0.0,0.3630348311348333,0.44645918261963047,0.45684069500797014,0.4656298566811343,0.0
Corporate Support Services,Estates and Ancillary,Leavers,318,-1.5930664839485473,Corporate Support Services|Estates and Ancillary|Leavers,1,12,0.14495606782685788,1.7418515785538448e-08,0.2744121208262017,0.15189811390264682,-0.17639370430882398,0.08284213130779072,0.23204687846314598,10,3,-0.05886283346788343,0.019711900506848793,-0.5349924217001463,0.32504047431823635,-0.6799296325731963,0.5419251098480553,0.02634264661732726,58.58864729985723,0.18424102924483404,0.05721885765711063,0.0,0.0,0.0,0.0,0.4196521877913602,0.5587526889923606,0.5915692667948441,0.6228067842048044,0.0
Corporate Support Services,Estates and Ancillary,Sickness,936,0.1232354592422983,Corporate Support Services|Estates and Ancillary|Sickness,1,12,0.10365365499130341,0.00013429977001548139,4.694291406356845,0.947631761584046,-0.12072543956923747,0.06803490794807433,0.19058044585968759,10,4,-0.007347073729129451,0.00903420793518067,-0.5019779765118758,0.26324322185143945,-0.6707368419399397,0.4961879032366262,0.013585814424849931,1344.5604252132732,1.4364961807834116,12.357060862243067,2.3717910836059146,-3.514170915568958,-3.514170915568958,-3.514170915568958,4.045078646939356,5.624203910617623,8.259382343099322,10.589799659207383,-3.514170915568958
Corporate Support Services,Healthcare Scientists,Sickness,81,-2.088396951260644,Corporate Support Services|Healthcare Scientists|Sickness,1,12,0.2080662209389681,3132296965.8846865,-3593.4075223562572,4242.141374107809,-0.5214476690806338,0.29173096978180196,0.529363422995762,11,2,-0.09576242905288927,0.10943883645749478,-0.6428525121748117,0.5459090799744503,-0.760865981193696,0.8246591471937141,0.10181840373778338,-532330.871130849,-6571.986063343815,4137149.1724466337,-7193.693746288015,-7193.693746288015,-7193.693746288015,-7193.693746288015,-7193.693746288015,0.3674084554416808,0.43089041866928224,0.4706328064667092,-7193.693746288015
Corporate Support Services,Medical and Dental,Hires,80,-0.2669046150498971,Corporate Support Services|Medical and Dental|Hires,1,12,0.18069768928392627,1.3798824387751146e-05,1.3782009373619788,-0.5534194060944133,-0.1515237867094799,0.1819926854424762,0.4322209867365481,8,10,-0.08174698779981371,0.08279610941135862,-0.6045988038390875,0.4962072999970231,-0.7230686848386991,0.7558836145688593,0.02800536064539605,67.27918821448353,0.8409898526810441,0.48283444808030407,0.952195840213691,0.0,0.0,0.0,1.3373186284190355,1.9591046199463615,1.96048764176836,2.28486636489438,0.0
Corporate Support Services,Medical and Dental,Leavers,75,-0.5370743816956393,Corporate Support Services|Medical and Dental|Leavers,1,12,0.0968679665671115,5.568381560983204e-06,0.06270354304493145,-0.37680981285284054,-0.04803693956916536,0.3973569015490754,0.36100392153103167,6,8,0.07702006795880303,0.2536657400097718,-0.348409012254282,0.4387638351102994,-0.5107391695994682,0.5113692173793881,-0.0342247019878725,37.93758340597864,0.5058344454130486,0.24906001468761066,0.5787521556155952,0.0,0.0,0.0,0.9776090678332745,1.2636957310427646,1.3319788163728776,1.507954593475809,0.0
Corporate Support Services,Medical and Dental,Sickness,348,-1.2212119500519725,Corporate Support Services|Medical and Dental|Sickness,1,12,0.0441858365472525,706.8954913077048,-36.874898329993016,-90.42815072477703,-0.14114110757939116,0.11391034546010205,0.16371617206106537,11,10,-0.08825300622482957,0.047589163957412535,-0.4877478413761572,0.27732472673513564,-0.643383855391079,0.4690376681837288,0.04662821729215447,-68896.20695513175,-197.97760619290733,5576.2550537912675,-225.97581702286166,-225.97581702286166,-225.97581702286166,-225.97581702286166,-225.97581702286166,0.7903699433974248,0.8061652175330625,0.8065057684952006,-225.97581702286166
Corporate Support Services,Nursing and Midwifery Registered,Hires,168,-0.1270141026205073,Corporate Support Services|Nursing and Midwifery Registered|Hires,1,12,0.11428504215970936,4.619422799075726e-06,0.6591842731069627,0.2696917696034672,-0.10910809994772118,0.19091428767352947,0.21924701314066264,8,11,-0.014295560756943515,0.09191500021875136,-0.40739834336024205,0.34315811869209617,-0.5491631146944977,0.45055072433621407,-0.018540302246357443,134.84894486007676,0.8026722908337902,0.4377120295831551,0.6635110847666981,0.0,0.0,0.0,1.2711045970273438,1.8274930050236227,1.8274930050236227,2.1309612681799472,0.0
Corporate Support Services,Nursing and Midwifery Registered,Leavers,220,0.07331626501709344,Corporate Support Services|Nursing and Midwifery Registered|Leavers,1,12,0.11647935890027572,4.6824704924897816e-05,0.21664082321944772,-0.4406256345230368,-0.21668155253929822,0.15851036948501532,0.23804941387133027,3,7,-0.09911523055116588,0.061639329191962605,-0.5337037066158961,0.407651269989667,-0.6649701391846922,0.6290200594375707,0.033698761996109355,375.56386820029184,1.7071084918195083,1.7002477010250792,2.091562041908875,0.0,0.0,0.0,2.621590561927705,3.530434270879307,3.967262446619238,5.251570895644219,0.0
Corporate Support Services,Nursing and Midwifery Registered,Sickness,803,-0.31778643014690516,Corporate Support Services|Nursing and Midwifery Registered|Sickness,1,12,0.118577605749562,0.0008346399209216125,16.65447737539981,0.6354294519975019,-0.1278716502461339,0.09680052339637475,0.17192447493341223,9,10,-0.01270753696664165,0.023342051752745823,-0.4614475383523915,0.239001375926097,-0.6229965365565677,0.4095101135691322,-0.039613279028003184,-5190.154762873023,-6.463455495483217,31.03364069663082,-10.45005765703961,-10.45005765703961,-10.45005765703961,-10.45005765703961,0.6261144949479862,2.1383397871372662,2.2539557388891307,2.441466421831761,-10.45005765703961
Corporate Support Services,Students,Sickness,24,,Corporate Support Services|Students|Sickness,1,12,0.0,0.0,0.0,-0.0,,,0.0,1,1,,,,,,,,0.0,0.0,0.0,0.0,0.0,0.0,0.0,0.0,0.0,0.0,0.0,0.0
Medical Services,Add Prof Scientific and Technic,Sickness,241,-0.6051439997068919,Medical Services|Add Prof Scientific and Technic|Sickness,1,12,0.11253508793272038,0.24815124290075913,1.8549227194443576,-9.92251729126106,-0.16211462209089855,0.09979509299422207,0.19671486058637278,5,7,-0.07260351869732071,0.04564516326176503,-0.5443079320695394,0.3996096161916269,-0.6917615560523556,0.6739341675139001,-0.08773921739294327,-4559.730682758542,-18.920044326798926,123.70176229692986,-25.16567869872347,-25.16567869872347,-25.16567869872347,-25.16567869872347,-25.16567869872347,1.3761728366766948,1.4129881167739684,1.499182515530568,-25.16567869872347
Medical Services,Additional Clinical Services,Hires,472,-1.4458250822379517,Medical Services|Additional Clinical Services|Hires,1,12,0.12816343619143167,8.111166473121175e-09,0.03100911003762885,-0.44300198115464634,-0.03471072875606547,0.08391816950230964,0.1854381591232036,10,9,0.04960107607411207,0.006694031923239189,-0.47035197200191264,0.22789155470191935,-0.6526370346903232,0.45994186418891064,0.038324354226203616,96.56372618915884,0.20458416565499754,0.060516953473279414,0.0,0.0,0.0,0.0,0.4377554692096402,0.598447693593939,0.598447693593939,0.6668690026401994,0.0
Medical Services,Additional Clinical Services,Leavers,325,-7.748440475160249,Medical Services|Additional Clinical Services|Leavers,1,12,0.17206434079871658,6.47720764313377e-11,-0.020526749362829742,0.044944686682584646,-0.13703196339524154,0.0904485760595587,0.22532876807114988,9,7,0.05221679519521456,0.0352843397748761,-0.5239226217660219,0.28607664105722536,-0.687526845986404,0.5267278428471686,0.01947921029401429,6.814042704302863,0.020966285244008807,0.002262955235181587,0.0,0.0,0.0,0.0,0.0,0.1284580605170466,0.12903229608274472,0.1290554373251561,0.0
Medical Services,Additional Clinical Services,Sickness,1031,0.16693297201290794,Medical Services|Additional Clinical Services|Sickness,1,12,0.08021234350972639,0.00011881368590987245,-0.8402659642856591,-1.2700515713534966,-0.16514862446169362,0.0814445184577015,0.16312807761061632,6,12,-0.06568297030987166,0.016756334999449785,-0.5053079764063934,0.2670885151205609,-0.6602894289627596,0.47067155861688836,0.010915165691162297,2093.98646756222,2.031024701806227,14.144158942745118,3.060578054173215,-3.213325666603055,-3.213325666603055,-3.213325666603055,5.171018655435213,6.978406992043816,7.326637325336189,8.52303741580605,-3.213325666603055
Medical Services,Administrative and Clerical,Hires,109,-8.754615684736873,Medical Services|Administrative and Clerical|Hires,1,12,0.1677649554815822,2.804002879261519e-10,0.011407502242459464,0.004602164590327204,0.006179281398896307,0.15747202480763095,0.24419654478436437,7,10,0.1302198252298587,0.048542778530540204,-0.39135495013927946,0.25337053808651516,-0.6031917251820756,0.4956398073812946,-0.07475161101040859,1.8241465686625205,0.016735289620757068,0.0016429810989043508,0.0,0.0,0.0,0.0,0.0,0.11396099896771435,0.11403805748562343,0.11421786069407794,0.0
Medical Services,Administrative and Clerical,Leavers,117,-4.293130827866862,Medical Services|Administrative and Clerical|Leavers,1,12,0.12082416142267072,4.53867268785591e-09,-0.059431824673983745,0.000502382027903911,-0.24261859234489935,0.12854487382931362,0.3400680044373855,5,3,-0.06483519831807406,0.051731757793328434,-0.499896403018992,0.27495315082032834,-0.6658354592112827,0.4890004231555857,0.06319566615889673,6.063529525379231,0.05182503867845496,0.009035809815554493,0.0,0.0,0.0,0.0,0.0,0.23084631721853344,0.23236155073630324,0.23269772357841598,0.0
Medical Services,Administrative and Clerical,Sickness,925,-0.14188353237982948,Medical Services|Administrative and Clerical|Sickness,1,12,0.14431245555464323,0.00014600415704548798,18.14482995097238,-10.314540930071475,-0.19983857246502773,0.06975483702682735,0.17754442880366494,6,10,-0.0278555396640367,0.013181757265102642,-0.5084233329727487,0.2727002542739874,-0.6580966502943789,0.46800738424248206,0.06724218435096936,-2681.141791715432,-2.898531666719386,16.551200892809035,-6.498714358047826,-6.498714358047826,-6.498714358047826,-6.498714358047826,1.507068465617765,2.7423200430239443,2.946558271657846,3.303346027810503,-6.498714358047826
Medical Services,Allied Health Professionals,Sickness,328,-0.5844453157130467,Medical Services|Allied Health Professionals|Sickness,1,12,0.07656005227092244,0.10633907449856203,17.51878459027799,6.582294686605849,-0.10957445648102095,0.12925222573026135,0.14369281460338879,5,9,-0.03521438410597103,0.03689691933335452,-0.524122118586189,0.3345450094233225,-0.6868881969357673,0.590575466355735,-0.12352050167892155,-5791.566731346144,-17.657215644348,109.24182437014241,-23.53231201024056,-23.53231201024056,-23.53231201024056,-23.53231201024056,-23.53231201024056,1.4766686858428817,1.4811156344627074,1.5261025642849082,-23.53231201024056
Medical Services,Estates and Ancillary,Sickness,135,-0.2097022669667224,Medical Services|Estates and Ancillary|Sickness,1,12,0.051538812838464065,0.008038222467698123,-2.4492494466620505,-4.818836623003827,-0.056276500644672635,0.20352799645445363,0.2888091317054755,11,2,-0.11064117488005797,0.11318693423794435,-0.5559878666639739,0.4366055235088599,-0.7216104495930045,0.7649127532000327,-0.014841025127888067,-556.1797460205726,-4.119849970522759,19.23121153153973,-7.75701711069379,-7.75701711069379,-7.75701711069379,-7.75701711069379,0.6662245127026507,2.197683934652222,2.426090134697747,2.601791659894428,-7.75701711069379
Medical Services,Healthcare Scientists,Sickness,111,-0.09240956985780963,Medical Services|Healthcare Scientists|Sickness,1,12,0.0,0.006691434108405839,2.7361452065250655,0.8350551151756792,-0.10081941274162896,0.2358142370188444,0.2675204226340778,9,7,-0.1094577855890851,0.16333192876692346,-0.46595628334129896,0.4199827099839508,-0.6442775352258888,0.7528846422571073,-0.02691797785647507,-255.64257912527245,-2.3030862984258778,13.832952218356482,-5.740206124743057,-5.740206124743057,-5.740206124743057,-5.740206124743057,1.5006198228552314,2.6891140336810535,2.830537518516091,2.945277655719752,-5.740206124743057
Medical Services,Medical and Dental,Hires,257,-1.0390266662018224,Medical Services|Medical and Dental|Hires,1,12,0.27060833557834163,8.719892958519718e-08,0.07697629021758923,0.08068772104908734,-0.1078762858363471,0.10817408444998762,0.1759977922856233,8,2,0.1488761498377745,0.1602358701052126,-0.47193387351203064,0.2939481271431989,-0.6424937257338973,0.519074852879325,0.03667170144972542,76.78032522592422,0.29875612928375184,0.11356285272504715,0.0,0.0,0.0,0.0,0.4940626885265287,0.8642892992305513,0.8827611857827188,0.9236634441280348,0.0
Medical Services,Medical and Dental,Leavers,213,-1.2946927134011412,Medical Services|Medical and Dental|Leavers,1,12,0.24724192057627103,7.642139058816286e-08,-0.3542861056558405,-0.08452126415765594,-0.13720078644169695,0.06847556991335117,0.19477365210237496,4,6,0.08835122974127989,0.08738333815147846,-0.5209575955810158,0.292316244019537,-0.6870254088788338,0.5441605484707257,0.06779898354918103,48.1746144716794,0.2261718989280723,0.09181067831419575,0.0,0.0,0.0,0.0,0.5861290728060075,0.7377462907508783,0.7444831011664013,0.7526698086655227,0.0
Medical Services,Medical and Dental,Sickness,654,-0.12793277603259984,Medical Services|Medical and Dental|Sickness,1,12,0.16437219404204062,0.00028737311389914733,5.490566008281906,-18.26332298436538,-0.1270655865214533,0.07408984271316113,0.18755411548540046,4,5,0.017002500880493068,0.01840168231974501,-0.5141240614651443,0.27999383025980135,-0.6868497776902037,0.5398506584955831,0.009015425378732494,-1733.6887012297511,-2.6509001547855524,16.527117314609054,-6.2725102811880715,-6.2725102811880715,-6.2725102811880715,-6.2725102811880715,1.6977739185423701,3.031891240992752,3.2750809404647163,3.544147940659471,-6.2725102811880715
Medical Services,Nursing and Midwifery Registered,Hires,127,-19.98058119144417,Medical Services|Nursing and Midwifery Registered|Hires,1,12,0.17558068806815008,4.502266213830606e-12,-0.009220702852097942,-0.021598047683543783,-0.0022312541489694364,0.11326443856798743,0.25398341079814046,5,7,0.1990506152445659,0.08029704672767807,-0.4166665324576257,0.21527773304153305,-0.617646946812369,0.42733554612392627,0.05982438788431641,0.4003884633372853,0.0031526650656479157,0.00014902043234643394,0.0,0.0,0.0,0.0,0.0,0.05004854582661322,0.05004854582661322,0.05004859418880297,0.0
Medical Services,Nursing and Midwifery Registered,Leavers,258,-8.281728098297389,Medical Services|Nursing and Midwifery Registered|Leavers,1,12,0.08895187424792617,9.9134588727815e-11,0.07966448690437644,0.011702379255685217,-0.14525645900605696,0.1398364645411615,0.19686899226825727,1,5,-0.048437583419278264,0.043430904395597256,-0.5205652497629287,0.3658150204493397,-0.6967977473899338,0.6741777487495215,-0.018952972790412845,5.056245115307346,0.019597849284137003,0.0019829337771988505,0.0,0.0,0.0,0.0,0.0,0.12035974702875982,0.12035974702875982,0.1207464991396476,0.0
Medical Services,Nursing and Midwifery Registered,Sickness,1362,0.17633881942711407,Medical Services|Nursing and Midwifery Registered|Sickness,1,12,0.10970499458066374,5.263675022817456e-05,12.616573752822736,3.667650759198372,-0.19530437238551002,0.08409518538587138,0.17958979619214444,8,7,-0.05931105195782885,0.01268071355189551,-0.5239264825554526,0.2897028092325991,-0.6746344015210328,0.49776621047013697,0.027274851048998527,2491.4556239054173,1.8292625726177807,12.314804255612275,2.676225588205809,-3.1533723596870264,-3.1533723596870264,-3.1533723596870264,4.657272825754169,6.59296538953203,7.233206088268691,8.672783851155932,-3.1533723596870264
Medical Services,Students,Hires,99,-7.891121662444283,Medical Services|Students|Hires,1,12,0.16214535847149236,6.011410493887768e-10,-0.004016586094699518,-0.005154349676063954,-0.016305764387710735,0.1314990756088696,0.2576866008014099,7,2,0.04092733791187795,0.06541066307353452,-0.44011892459543545,0.31674864000535835,-0.6196447689138446,0.5899228569082898,-0.031150314407579323,2.0205901479339197,0.020410001494282015,0.002183004339708621,0.0,0.0,0.0,0.0,0.0,0.12619087420796463,0.12647250365248694,0.12670292774345973,0.0
Mental Health and Learning Disabilities,Add Prof Scientific and Technic,Hires,90,-2.626360822455953,Mental Health and Learning Disabilities|Add Prof Scientific and Technic|Hires,1,12,0.11614032308793165,3.9104265535606315e-08,-0.07089889450891301,-0.11350713291687177,-0.3299488510875191,0.26446501367173564,0.3109667518218656,5,8,-0.1661692509196873,0.18008965565297316,-0.5708380833090324,0.5101278366843057,-0.6907761712102745,0.692931020592002,-0.11677560315351555,8.687789864556601,0.09653099849507335,0.024661623280476858,0.0,0.0,0.0,0.0,0.3190909192448921,0.3707683671836324,0.3772545528125753,0.3795679676635572,0.0
Mental Health and Learning Disabilities,Add Prof Scientific and Technic,Leavers,91,-4.729766535833106,Mental Health and Learning Disabilities|Add Prof Scientific and Technic|Leavers,1,12,0.14610249293528255,3.6850764857126167e-09,0.022640383117086684,0.004669985521414344,0.042753278755233326,0.2508074215288227,0.4501715150431207,10,10,0.04924090902569679,0.1241130285725988,-0.3879490495187358,0.3277507768837925,-0.5411013222994087,0.4484618876900531,0.1035423085127982,4.504152535104741,0.04949618170444771,0.007770859562685677,0.0,0.0,0.0,0.0,0.0,0.20345875420947915,0.210256111473482,0.21112662491367093,0.0
Mental Health and Learning Disabilities,Add Prof Scientific and Technic,Sickness,951,-0.16311860369644102,Mental Health and Learning Disabilities|Add Prof Scientific and Technic|Sickness,1,12,0.14685413009281045,0.00013262894838818678,19.976875546926713,-1.7115467651211902,-0.10613012104861598,0.08065975917754269,0.19400149430128322,5,4,0.024144337675855713,0.01743487939515623,-0.4850902869180928,0.2544303338485879,-0.6598499260317762,0.4942999519975304,-0.0032870502281645833,-3124.52747708462,-3.285517851823996,16.92906911267814,-6.863217646680411,-6.863217646680411,-6.863217646680411,-6.863217646680411,1.0620475591017486,2.513710063991052,2.6717036757766772,3.5971025045802993,-6.863217646680411
Mental Health and Learning Disabilities,Additional Clinical Services,Hires,220,-5.692076663799421,Mental Health and Learning Disabilities|Additional Clinical Services|Hires,1,12,0.15043278121293058,4.826590396125144e-10,-0.15147244388653874,0.05653081041660593,-0.14875320816267382,0.07404169672236798,0.24809811579733587,11,3,0.004320323231475665,0.03795287684353592,-0.5560483056307902,0.3518936218018983,-0.7086462116676293,0.60360839367469,-0.023643266210305436,7.615322626362258,0.034615102847101176,0.0048150843497085545,0.0,0.0,0.0,0.0,0.0,0.17243765669085,0.17534480455346904,0.1756643499185651,0.0
Mental Health and Learning Disabilities,Additional Clinical Services,Leavers,148,-11.356455576848058,Mental Health and Learning Disabilities|Additional Clinical Services|Leavers,1,12,0.11275173420252282,6.477767051024177e-11,-0.03929717905144872,0.058704544271195494,0.01644709805949746,0.10656303272734141,0.260256738749421,7,5,0.0686969507827955,0.03704704835899448,-0.42858299160190716,0.2448986489369159,-0.5949145342720014,0.402079445382131,0.03842712409695818,1.4964747596808778,0.010111315943789716,0.0007931989428324646,0.0,0.0,0.0,0.0,0.0,0.08802205987034194,0.08802205987034194,0.08805530716536358,0.0
Mental Health and Learning Disabilities,Additional Clinical Services,Sickness,1135,0.08894866628119795,Mental Health and Learning Disabilities|Additional Clinical Services|Sickness,1,12,0.14338108572380615,6.0040736739429054e-05,2.9842691159431203,1.6575762765721627,-0.08102393210136738,0.06156678024398824,0.15539410507664297,2,3,0.030012909144546858,0.006490594620105253,-0.48277415700053844,0.23717105714116044,-0.6550497917315034,0.4578759277311735,-0.026426418911423503,653.7571690387326,0.575997505760998,12.516513499699386,1.4782146951496558,-3.778583939484096,-3.778583939484096,-3.778583939484096,3.8342800299147832,5.088430497489875,5.4741758765926996,6.561168400652882,-3.778583939484096
Mental Health and Learning Disabilities,Administrative and Clerical,Hires,78,-11.033427550648106,Mental Health and Learning Disabilities|Administrative and Clerical|Hires,1,12,0.1358201854699892,1.5934622470012581e-10,-0.016679140003372943,-0.038810078201052346,-0.11038455600948043,0.11049077487337622,0.407211178552244,2,6,-0.006529496528153845,0.11653305971401585,-0.43751474629242026,0.29296321731427216,-0.60870992443151,0.47354487752475233,0.24072896926501833,0.8153993300460478,0.010453837564692921,0.0008487151857186157,0.0,0.0,0.0,0.0,0.0,0.09059042601943174,0.09059363211460032,0.09063317395501286,0.0
Mental Health and Learning Disabilities,Administrative and Clerical,Leavers,80,-19.235518892285043,Mental Health and Learning Disabilities|Administrative and Clerical|Leavers,1,12,0.10602243962690572,9.762722502001544e-12,0.001871358623879165,0.0076212519485514135,-0.115060035349978,0.24054492287981288,0.46984020821385786,6,6,-0.06858108108108109,0.054332859041473905,-0.45508370763576983,0.2568035198063156,-0.645433521105842,0.5186394484595241,0.11396396396396395,0.3119224551842001,0.003899030689802501,0.00018987014070575713,0.0,0.0,0.0,0.0,0.0,0.051987075864033346,0.051987075864033346,0.051987075864033346,0.0
Mental Health and Learning Disabilities,Administrative and Clerical,Sickness,1051,-0.1576235575220161,Mental Health and Learning Disabilities|Administrative and Clerical|Sickness,1,12,0.10491379934131606,0.0001160566821017959,1.3177821222465624,-4.395537315754519,-0.17656205617844875,0.07709651565216517,0.1617367178814214,10,7,-0.04381967338420292,0.007531298756341308,-0.5347097741152851,0.2955806104551244,-0.6930989874890436,0.5343288164612036,-0.0008638241589006713,-3335.0437715319877,-3.1732100585461347,17.180452370846186,-6.766473967186616,-6.766473967186616,-6.766473967186616,-6.766473967186616,1.5100285700356546,2.567923608864415,2.6695648442925237,3.220729415336795,-6.766473967186616
Mental Health and Learning Disabilities,Allied Health Professionals,Hires,41,-59.15049730289578,Mental Health and Learning Disabilities|Allied Health Professionals|Hires,1,12,0.10851936415868169,1.949955308727579e-13,-9.345025589799794e-05,-0.002137725982540778,-0.12115616059758479,0.08363145340249782,0.3507606005079049,10,6,-0.02560975609756097,0.008069973230220106,-0.5,0.25,-0.6666666666666667,0.4722222222222223,-0.03231707317073171,0.016906028615097442,0.00041234216134384004,6.9710683788900846e-06,0.0,0.0,0.0,0.0,0.0,0.0,0.0,0.016906028615097442,0.0
Mental Health and Learning Disabilities,Allied Health Professionals,Sickness,848,-0.40693453375195526,Mental Health and Learning Disabilities|Allied Health Professionals|Sickness,1,12,0.10994550773849054,0.0018260934120149027,1.2911985197637899,-2.9442334840531657,-0.07799434552022604,0.0813925688442021,0.13748597750811864,7,10,0.04206075950727874,0.008814107507166118,-0.4886901057467,0.24989897091258448,-0.6735884181590208,0.5091252514250295,-0.06835995869040472,-7637.42687089652,-9.006399611906273,44.95760541716675,-13.550876686852181,-13.550876686852181,-13.550876686852181,-13.550876686852181,0.009930212908006292,1.6623979157229833,1.755065804762887,1.952314548342646,-13.550876686852181
Mental Health and Learning Disabilities,Estates and Ancillary,Hires,28,-7.008476555882556,Mental Health and Learning Disabilities|Estates and Ancillary|Hires,1,12,0.632027748083301,7.737120728999214e-11,0.03664789608025441,0.05277749964474274,0.27712086996345825,0.39997454157765494,0.958071242723654,11,1,-0.18173910204210203,0.18909725799877591,-0.4466103113015727,0.3440335280813012,-0.599375605237679,0.46156843823981586,0.14959269632542446,0.7089244035271599,0.025318728697398568,0.003058021057304741,0.0,0.0,0.0,0.0,0.0,0.14157616992116825,0.14191532494559683,0.14261972384248692,0.0
Mental Health and Learning Disabilities,Estates and Ancillary,Sickness,102,0.16544508134211394,Mental Health and Learning Disabilities|Estates and Ancillary|Sickness,1,12,0.07729441317086982,0.012038270489779143,1.7116947103473772,-7.478162868354218,-0.1365701474414332,0.3569382024384031,0.21000791341100156,2,5,-0.04980161640053145,0.18976246893477403,-0.3795417597405899,0.29465268635946423,-0.5474286232532959,0.36454438633389696,-0.11665954955392327,224.62038559548958,2.202160643093035,13.633195566556797,3.046244250796475,-3.222958202925546,-3.222958202925546,0.00995852563237582,5.585972416940553,7.008365212399032,7.098389318123353,7.695043161543716,-3.222958202925546
Mental Health and Learning Disabilities,Medical and Dental,Hires,45,-4.418926046918885,Mental Health and Learning Disabilities|Medical and Dental|Hires,1,12,0.25804251271709444,9.41790099618672e-09,-0.11019605176949018,0.002684052056263396,-0.42010184009524815,0.39176677371944924,0.5812262277711667,2,11,0.05434806149264764,0.18086481621997835,-0.6187027731485164,0.764611391505971,-0.7864503146353328,1.2177971057858314,-0.03146566951321508,1.9713718972579426,0.043808264383509835,0.007855682956328316,0.0,0.0,0.0,0.0,0.0,0.2227728646013673,0.22608546128716722,0.22625761748930806,0.0
Mental Health and Learning Disabilities,Medical and Dental,Leavers,47,-5.060368509605547,Mental Health and Learning Disabilities|Medical and Dental|Leavers,1,12,0.06392727308853441,9.162766597306548e-09,-0.032215123474728186,-0.017912498916360348,-0.2736567846391452,0.2982899662789976,0.5191450659289312,7,9,-0.3120132335918499,0.2571595795052176,-0.5912277288245965,0.5076973801635867,-0.7006813193132274,0.6763186548232744,-0.00954528094438626,2.118931367839204,0.04508364612423838,0.006797488096338163,0.0,0.0,0.0,0.0,0.0,0.1916917020015026,0.19607882647613964,0.1968530249128403,0.0
Mental Health and Learning Disabilities,Medical and Dental,Sickness,477,-1.075129944284154,Mental Health and Learning Disabilities|Medical and Dental|Sickness,1,12,0.1478683915332485,34.9846424404248,-147.28323304218884,17.381696061348176,-0.15550461300166096,0.07467463483229526,0.1952148119640833,3,6,-0.015595353644986099,0.026717361323151494,-0.5264759570349492,0.34173562924915774,-0.6744449449663571,0.5784629638825591,0.05918237334789395,-53736.46276476976,-112.6550582070645,2029.8430715430432,-130.53148500531952,-130.53148500531952,-130.53148500531952,-130.53148500531952,-130.53148500531952,0.893598021773331,0.9086466232525477,0.9199996339924975,-130.53148500531952
Mental Health and Learning Disabilities,Nursing and Midwifery Registered,Hires,114,-27.411202858488334,Mental Health and Learning Disabilities|Nursing and Midwifery Registered|Hires,1,12,0.1383020688571308,1.8730664354045954e-12,0.0015991093482168178,-0.00758363883301225,0.04537630861187778,0.2462167786924632,0.2503458722833325,1,7,0.11988304093567252,0.06505515467247282,-0.4,0.21000000000000008,-0.6071428571428571,0.409438775510204,-0.06140350877192983,0.21888860541284688,0.0019200754860776042,6.694767803388122e-05,0.0,0.0,0.0,0.0,0.0,0.01276850198241586,0.03648143423547448,0.03648143423547448,0.0
Mental Health and Learning Disabilities,Nursing and Midwifery Registered,Leavers,135,-17.70478594148719,Mental Health and Learning Disabilities|Nursing and Midwifery Registered|Leavers,1,12,0.07395925372696499,1.0131220646524051e-11,0.009838548427335635,-0.007555962586030746,-0.14820940681110867,0.16487493099441933,0.24045509656927022,6,7,-0.08936678614097968,0.08357975891002128,-0.5,0.3946280991735536,-0.6363636363636364,0.6033057851239669,0.01044314108830236,0.6212980234029524,0.00460220758076261,0.00024054170059634929,0.0,0.0,0.0,0.0,0.0,0.05648163849117749,0.05648163849117749,0.05648163849117749,0.0
Mental Health and Learning Disabilities,Nursing and Midwifery Registered,Sickness,1425,0.05549919624623967,Mental Health and Learning Disabilities|Nursing and Midwifery Registered|Sickness,1,12,0.12152388139839265,2.8971342483605255e-05,8.175343641301785,-5.474662358425458,-0.08392211198797907,0.07191669839088209,0.17549473789192271,5,3,0.03591502535618285,0.004062085214707363,-0.47689898883452153,0.22933423614142126,-0.6547859375847606,0.4527747266214977,0.029634016504185744,-299.9648171639903,-0.21050162607999318,11.149352868256315,0.7118360405795616,-4.063758591762655,-4.063758591762655,-4.063758591762655,2.8755591829514033,4.104692486147559,4.401786413328819,5.207489119972887,-4.063758591762655
Neighbourhood Services,Add Prof Scientific and Technic,Sickness,333,-0.6241772657956898,Neighbourhood Services|Add Prof Scientific and Technic|Sickness,1,12,0.11322067591275198,0.16521574348678605,16.55345192887194,0.8658258513821311,-0.17569373122848417,0.07777755956511558,0.13625697979738316,9,3,-0.02940547181866606,0.03021094102693684,-0.5208731131291077,0.3028554677700858,-0.6694845536926348,0.5016577710744758,-0.06451970942914192,-6745.198965674433,-20.25585274977307,137.41656622908312,-26.78012560119876,-26.78012560119876,-26.78012560119876,-26.78012560119876,-26.78012560119876,1.30670116813816,1.3920173963222389,1.4754463801229005,-26.78012560119876
Neighbourhood Services,Additional Clinical Services,Hires,365,-3.610283636205508,Neighbourhood Services|Additional Clinical Services|Hires,1,12,0.12250762620956468,1.1258050885471037e-09,-0.22473807817913674,0.053253400156440166,-0.14353069018464476,0.09012303910983613,0.1815512936579461,7,4,-0.009033401741295445,0.020965053753442833,-0.5009093699336286,0.3128609478592922,-0.6560016663738271,0.5422604997385146,0.015259528390159025,21.524401066697354,0.058970961826568094,0.012056684724900991,0.0,0.0,0.0,0.0,0.0,0.2717394925047273,0.2767667022212743,0.2769846646211971,0.0
Neighbourhood Services,Additional Clinical Services,Leavers,332,-4.5089608621675135,Neighbourhood Services|Additional Clinical Services|Leavers,1,12,0.1607529739185135,5.504243092275184e-10,-0.10069918087971935,-0.010903171136272002,-0.10943272618105002,0.09852552672194022,0.1868563997607865,4,5,0.03806056029158204,0.024586328330747965,-0.5201268225248976,0.29524261706835414,-0.6836482375336183,0.525914680402629,0.00882052015014791,13.588127125106393,0.04092809375032046,0.00717793209825356,0.0,0.0,0.0,0.0,0.0,0.22135277238333867,0.22171184036138597,0.22178042925966415,0.0
Neighbourhood Services,Additional Clinical Services,Sickness,1581,0.11972562074477407,Neighbourhood Services|Additional Clinical Services|Sickness,1,12,0.13148198266203814,3.272228117483309e-05,5.8665289479363,-0.5023495796740484,-0.08678224750741322,0.05510726016004874,0.15564329792559362,9,2,0.03814977191020931,0.005666516783362959,-0.4931173435329493,0.24762302552961993,-0.6678116047590175,0.4843985685341221,-0.03684167061356936,1558.2530578432156,0.9856123073012116,11.709876864900869,1.7280937515947326,-3.5400317471937206,-3.5400317471937206,-3.5400317471937206,4.034723224444041,5.504770197243557,6.031875883861423,8.182801514242179,-3.5400317471937206
Neighbourhood Services,Administrative and Clerical,Hires,181,-6.325529857732956,Neighbourhood Services|Administrative and Clerical|Hires,1,12,0.1843345717766428,4.3947040842696045e-10,-0.1225883114679328,-0.07400663697180243,-0.10214800292004539,0.07520704084296041,0.15314379103775344,1,3,0.07577737143817191,0.04820652053976041,-0.4649670835575693,0.23144384797905584,-0.6559340417273509,0.4779189141151675,-0.055143719211405255,4.395899814666087,0.02428673930754744,0.0032411302109434745,0.0,0.0,0.0,0.0,0.0,0.15793786776340454,0.15806494486870742,0.15808937784359142,0.0
Neighbourhood Services,Administrative and Clerical,Leavers,210,-5.24798595360795,Neighbourhood Services|Administrative and Clerical|Leavers,1,12,0.18550281446809236,7.358783911991865e-10,-0.12378390831439275,0.0314950985342041,-0.05569111022177127,0.09787586726843955,0.16864676064387762,9,9,0.11873808850217224,0.055244830579735255,-0.4655412360867023,0.2817965899647662,-0.6702651044366137,0.5736805748477446,-0.016334977496265533,7.681797041965725,0.036579985914122495,0.005542980042887595,0.0,0.0,0.0,0.0,0.0,0.1899521428946873,0.19041734184517886,0.19041734184517886,0.0
Neighbourhood Services,Administrative and Clerical,Sickness,1446,-0.11756833120979918,Neighbourhood Services|Administrative and Clerical|Sickness,1,12,0.11576074800938907,4.523840593511967e-05,4.996088837123837,-3.6983574095386036,-0.10031857064299417,0.07395121143193012,0.17904909137173097,10,11,0.006878209450536209,0.004430410588333103,-0.4943632458724016,0.2575728069824294,-0.663039984397368,0.4857558035163922,-0.01634912582030778,-3716.240299982401,-2.5700140387153536,14.747334003087941,-6.110906319997826,-6.110906319997826,-6.110906319997826,-6.110906319997826,1.3919255024501103,2.8245074261222984,3.0056516105280693,3.5471379192721426,-6.110906319997826
Neighbourhood Services,Allied Health Professionals,Hires,84,-7.279960272144113,Neighbourhood Services|Allied Health Professionals|Hires,1,12,0.13064435016279485,7.930727271470184e-10,0.03135618779550625,-0.08894196375159222,-0.07369685543712111,0.27560007574162076,0.408552921734898,2,2,0.02310081951831331,0.14851676413563628,-0.41683733387740673,0.5219848843188843,-0.5968390090210385,0.9736815156312836,0.20071437740038534,2.048868236855502,0.024391288533994072,0.0027696877522307766,0.0,0.0,0.0,0.0,0.0,0.13647952472953004,0.13647952472953004,0.13731720768580594,0.0
Neighbourhood Services,Allied Health Professionals,Leavers,79,-7.389367353185593,Neighbourhood Services|Allied Health Professionals|Leavers,1,12,0.1701892659085259,1.0752103527536886e-09,-0.07123125115819624,0.010113696728706219,-0.13417433968880754,0.21177947321284774,0.32681006772842236,5,12,-0.057904913719880616,0.09423163987869598,-0.5498532757246858,0.4573472641971267,-0.7095552647944477,0.8037012302436899,-0.03692975939197761,1.482126671744954,0.01876109711069562,0.002203782103253397,0.0,0.0,0.0,0.0,0.0,0.134522400560392,0.13529121049468174,0.13532957062956644,0.0
Neighbourhood Services,Allied Health Professionals,Sickness,783,-0.1795816189152055,Neighbourhood Services|Allied Health Professionals|Sickness,1,12,0.0925311882024703,0.00022631944913878568,6.699273013066479,-1.5041120860598842,-0.15152475898106574,0.08013257583838511,0.15309471239118222,2,8,-0.04075255892259385,0.027555783008003484,-0.5055972107863675,0.29247783492053986,-0.669776016681074,0.5323260314041033,-0.03286959635864483,-2754.205444018821,-3.5175037599218655,19.182739685615164,-7.1636399000275714,-7.1636399000275714,-7.1636399000275714,-7.1636399000275714,1.601655641421973,2.5582520413855976,2.674688868934927,2.9610330820399056,-7.1636399000275714
Neighbourhood Services,Estates and Ancillary,Sickness,24,,Neighbourhood Services|Estates and Ancillary|Sickness,1,12,0.0,0.0,0.0,-0.0,,,0.0,1,1,,,,,,,,0.0,0.0,0.0,0.0,0.0,0.0,0.0,0.0,0.0,0.0,0.0,0.0
Neighbourhood Services,Healthcare Scientists,Sickness,24,,Neighbourhood Services|Healthcare Scientists|Sickness,1,12,0.0,0.0,0.0,-0.0,,,0.0,1,1,,,,,,,,0.0,0.0,0.0,0.0,0.0,0.0,0.0,0.0,0.0,0.0,0.0,0.0
Neighbourhood Services,Medical and Dental,Leavers,48,-1.1440266307843503,Neighbourhood Services|Medical and Dental|Leavers,1,12,0.23683536236063019,1.6185093311660825e-06,-0.604455643012491,0.36275393833538705,-0.01873019484906956,0.41324741592048747,0.3999695884590445,5,10,0.1645886381435196,0.15900430508289148,-0.38113957839848017,0.3401684997059554,-0.5640071862035427,0.4584376110272833,-0.16487755002177948,12.772396644735759,0.2660915967653283,0.09966109855439394,0.0,0.0,0.0,0.0,0.5152773540056594,0.7615574404098089,0.7615574404098089,0.8178477058930209,0.0
Neighbourhood Services,Medical and Dental,Sickness,417,-0.8019983371839072,Neighbourhood Services|Medical and Dental|Sickness,1,12,0.08344286159339931,1.052739595037139,-19.13608753485932,-11.507762745745225,-0.10475483741262227,0.08431063109517675,0.1946836835544007,7,6,-0.04229314365039859,0.020863619377389335,-0.4857978589478503,0.2552608301047929,-0.6484774351304307,0.46108493108936954,-0.005763149928701787,-16660.021886507275,-39.952090854933516,362.2474994712283,-48.85143970531885,-48.85143970531885,-48.85143970531885,-48.85143970531885,-48.85143970531885,1.1543976121807862,1.16985670906792,1.1985894893514806,-48.85143970531885
Neighbourhood Services,Nursing and Midwifery Registered,Hires,250,-5.198139789112332,Neighbourhood Services|Nursing and Midwifery Registered|Hires,1,12,0.1027974125245239,5.937160830528823e-10,-0.17542079552091788,0.11031048287819371,-0.1878327185791001,0.17373832172430226,0.21866229852290486,6,9,-0.10009872145578275,0.051983121103238696,-0.519696978880642,0.33907519665419805,-0.6622791273085109,0.5487638864552667,0.028183035157458278,8.318312844967284,0.03327325137986914,0.005205137458596601,0.0,0.0,0.0,0.0,0.0,0.19173970289196854,0.19235299903033878,0.19237620002093445,0.0
Neighbourhood Services,Nursing and Midwifery Registered,Leavers,313,-5.092034314771638,Neighbourhood Services|Nursing and Midwifery Registered|Leavers,1,12,0.15428916947826332,4.955170067852177e-10,-0.07698222520368822,-0.14142549038272625,-0.16196833437703298,0.10774905195741383,0.11716422582262798,1,1,-0.009604187101314495,0.03301704627699237,-0.5386064598440006,0.3027283220205929,-0.6903955895006727,0.5282020743948604,-0.03586825619821792,11.571173161027506,0.03696860434833069,0.005782635818259697,0.0,0.0,0.0,0.0,0.0,0.1956547145331459,0.19621635503328813,0.196384537292384,0.0
Neighbourhood Services,Nursing and Midwifery Registered,Sickness,1963,0.055321588820818834,Neighbourhood Services|Nursing and Midwifery Registered|Sickness,1,12,0.10083106107636974,1.9934710062492605e-05,5.354526284973149,-4.992084573121389,-0.09442211348830493,0.07210976332016167,0.1813599487679456,2,3,0.005240803619289174,0.0038902806192553843,-0.49048332617217544,0.242956644670864,-0.6663792400958476,0.4770063258411654,-0.007079360115133412,119.32559174382757,0.06078736207021272,12.600704559571762,1.1362208496467612,-4.065350200267154,-4.065350200267154,-4.065350200267154,3.404053191209341,4.724306092036838,5.161964782436506,6.079521178127469,-4.065350200267154
Operational Management,Additional Clinical Services,Leavers,29,-3.8132825094022915,Operational Management|Additional Clinical Services|Leavers,1,12,0.7460528646521585,9.185229423524733e-10,0.16097198443640706,0.08756465401181326,0.0943875061225712,0.4157467531378063,0.965404260240966,11,4,0.12858529841863073,0.12803006105317813,-0.3907393879332664,0.21718687187518618,-0.5990848315608527,0.43613680291627654,0.009888246200406944,1.9780524003752356,0.06820870346121502,0.012660331340792924,0.0,0.0,0.0,0.0,0.24358654311365652,0.25239455975345143,0.25826657084664806,0.25826657084664806,0.0
Operational Management,Additional Clinical Services,Sickness,179,0.07113351987816953,Operational Management|Additional Clinical Services|Sickness,1,12,0.07298040003143702,0.002053197962038798,5.735775610914104,-5.512028767112546,-0.2338476781884617,0.10816972198899909,0.20832774004867027,9,7,-0.18007451699843013,0.04560711405968832,-0.5606968167479571,0.33842393167593077,-0.6963409971275747,0.5713281144862019,0.03260256902635743,-13.157207628680133,-0.0735039532328499,10.562538321585604,0.9468116724910336,-3.926921946825787,-3.926921946825787,-3.926921946825787,2.900137019425472,4.0521887095589415,4.205751646697568,5.309639587405657,-3.926921946825787
Operational Management,Administrative and Clerical,Hires,64,-3.194138930185001,Operational Management|Administrative and Clerical|Hires,1,12,0.12645897816969331,3.714921910382389e-08,0.01626178595172255,0.005918340066830289,-0.09428204480559768,0.36680142519733977,0.37989772634235397,6,6,-0.050656925978627344,0.09832375286000053,-0.5385440588148487,0.5467244461151589,-0.6797669421390113,0.8268141143224718,-0.11878623246403995,5.410984153261551,0.08454662739471173,0.017238895374136816,0.0,0.0,0.0,0.0,0.27886645328653437,0.29997943335720795,0.30609828047919346,0.3112409418321107,0.0
Operational Management,Administrative and Clerical,Leavers,80,-3.7254768727628744,Operational Management|Administrative and Clerical|Leavers,1,12,0.15584791929938968,1.1501108429400404e-08,0.00975370577852357,0.03957285505826634,-0.15862757129808483,0.27469543905857713,0.4311002232628214,4,3,0.008387704493551305,0.08815303703594139,-0.5513283494874136,0.3663898924871627,-0.7161347886096716,0.6199182977988233,0.04586473951682521,5.101737076861838,0.06377171346077297,0.01237357337098984,0.0,0.0,0.0,0.0,0.0620323514315952,0.2640889549239893,0.26688789885585257,0.26775394323582974,0.0
Operational Management,Administrative and Clerical,Sickness,294,0.056205774150844635,Operational Management|Administrative and Clerical|Sickness,1,12,0.1210456178253575,0.0008686597836553663,2.170430401150924,1.8848515173926013,-0.03503014942258738,0.11220001762598002,0.17932648885365787,3,6,0.04115237591311305,0.04022202828562545,-0.4762936213750207,0.26154615075870197,-0.6801761803868377,0.5587092818477286,0.06012179439755436,4.942171284895739,0.01681010641121,11.829918791017082,0.7495154890661087,-4.05743507594758,-4.05743507594758,-4.05743507594758,3.2278398569183175,4.643523859414659,4.9825784580428065,5.797322092843791,-4.05743507594758
Operational Management,Estates and Ancillary,Sickness,24,-5.200297567691079,Operational Management|Estates and Ancillary|Sickness,1,12,1.0,2.6123399577854353e-29,-1139077748.6802573,3.6954879760742188e-06,0.44166666666666665,0.39741512345679014,1.0,2,1,-0.0452898550724638,0.00331141041797942,-0.5,0.25,-0.39491242702251894,0.15602260293363748,-0.021739130434782622,-111248656818.75052,-4635360700.781272,9.748159770028283e+17,-4836898122.554792,-4836898122.554792,-4836898122.554792,-4836898122.554792,-4836898122.554792,-4836898122.554792,-2781216420.464881,0.009697276006885006,-4836898122.554792
Operational Management,Medical and Dental,Sickness,26,,Operational Management|Medical and Dental|Sickness,1,12,0.0,0.0,0.0,-0.0,,,0.0,1,1,,,,,,,,0.0,0.0,0.0,0.0,0.0,0.0,0.0,0.0,0.0,0.0,0.0,0.0
Operational Management,Nursing and Midwifery Registered,Sickness,215,-0.0036321682184857203,Operational Management|Nursing and Midwifery Registered|Sickness,1,12,0.07814562527379909,0.0012633644946145033,2.636445138029038,4.195201707698106,-0.23910095946836046,0.11447418826863473,0.13522331531073994,8,2,-0.1419856233924347,0.04587102429464143,-0.5908644540655601,0.3790713344742606,-0.7229884751674273,0.6179646439202972,-0.0067773423942866775,-236.58551654556703,-1.1003977513747303,11.285834619423623,0.009950151046509963,-4.643900600969795,-4.643900600969795,-4.643900600969795,2.072848204217545,3.3946800759358786,3.5376145390036493,4.320397844807566,-4.643900600969795
SSL Corporate,Add Prof Scientific and Technic,Sickness,32,-6.033973274144281,SSL Corporate|Add Prof Scientific and Technic|Sickness,1,12,0.41947902802643533,3.3692016025214744e+38,46762930308.013,26512151457.594772,-0.26322667707951264,0.0840448395090301,0.8383221292242988,7,7,-0.03326612903225806,0.0014968538631633735,-0.5,0.25,-0.3961968680089485,0.15699117657362774,-0.012096774193548395,-6007653274599.607,-187739164831.23773,1.1736439213017093e+21,-193795266922.57324,-193795266922.57324,-193795266922.57324,-193795266922.57324,-193795266922.57324,-193795266922.57324,-150191331864.95795,0.1632740228162887,-193795266922.57324
SSL Corporate,Additional Clinical Services,Sickness,72,0.2393670310155105,SSL Corporate|Additional Clinical Services|Sickness,1,12,0.15337959265978596,0.004764229899906078,-2.9382599269014795,1.5165448508070236,-0.2084494407157189,0.166776405053935,0.4410747742895724,9,1,5.006535892803054e-06,0.04364915426730176,-0.44802725868672927,0.2539789878994163,-0.6160879221421316,0.4470969637585431,0.03065743321673691,110.85400661179568,1.5396389807193844,8.333510567243145,1.8947609812754869,-2.790285042724099,-2.790285042724099,-0.32969103438384073,3.947064992003014,5.246198465363833,5.53348644527356,5.949206181078532,-2.790285042724099
SSL Corporate,Administrative and Clerical,Sickness,227,-0.6049063698574644,SSL Corporate|Administrative and Clerical|Sickness,1,12,0.15292780048727328,0.22105968058301972,11.736712695246435,-13.447939708511097,-0.07750578852133697,0.12635768099895334,0.25898421094388857,3,6,0.05562822602752509,0.02700106865698751,-0.45458765520656963,0.2864318648999356,-0.6282163407794313,0.5216652231596764,-0.02810344595009178,-4304.710264836216,-18.96348134289082,123.08478177823153,-25.146221421588923,-25.146221421588923,-25.146221421588923,-25.146221421588923,-25.146221421588923,1.3887546913783577,1.4460899710839572,1.4900529208126805,-25.146221421588923
SSL Corporate,Estates and Ancillary,Hires,195,-1.8760550954261999,SSL Corporate|Estates and Ancillary|Hires,1,12,0.15949872805615528,3.422237044804451e-08,-0.155743854450352,-0.35996822787262656,-0.19796851514915093,0.17693445686036216,0.1838451404905993,9,7,-0.02516889977813995,0.06200081756241145,-0.513030589040512,0.3217524743718178,-0.6535300561128817,0.5048094380676493,0.0691440990795057,29.716936556087582,0.15239454644147477,0.04458624900581629,0.0,0.0,0.0,0.0,0.38782036717518353,0.5070049440691197,0.5222561390022525,0.5271035272045224,0.0
SSL Corporate,Estates and Ancillary,Leavers,191,-2.799203507089906,SSL Corporate|Estates and Ancillary|Leavers,1,12,0.17286108422404822,7.309971211524701e-09,-0.1728698228423219,-0.31906908396567946,-0.11504175075590108,0.12359259166291173,0.15081342185926727,2,9,0.004995884087008971,0.05654626641292988,-0.5488278254719706,0.34548893285204685,-0.6893806206768442,0.5508194927707547,0.018795704121807835,17.68655579554298,0.09259976856305224,0.021433606798056642,0.0,0.0,0.0,0.0,0.30592038375119285,0.3498709217637962,0.35329621503468933,0.35713503292057114,0.0
SSL Corporate,Estates and Ancillary,Sickness,492,-0.004057755314015654,SSL Corporate|Estates and Ancillary|Sickness,1,12,0.11993023639253808,0.0003594989963084782,7.378663979288676,2.4786155177071656,-0.0723938003397534,0.06966433322378271,0.22163124525255917,7,10,0.02969512799779497,0.009384591274087558,-0.48204649286895956,0.24291617130605575,-0.6609131499887619,0.47684842474461425,0.009991993786287028,-326.37240567468046,-0.6633585481192692,13.816826375485626,0.6971467962543764,-4.648467067237848,-4.648467067237848,-4.648467067237848,2.8740370044666648,4.574423336499697,4.892187251666152,5.642053903404711,-4.648467067237848
SSL Corporate,Healthcare Scientists,Sickness,69,-0.6225834857083494,SSL Corporate|Healthcare Scientists|Sickness,1,12,0.13379597915457742,3.099094486988518,3.5452853434021447,-12.266575706970055,-0.2163861070588711,0.10350669981331753,0.2415360524589597,12,10,-0.06390571738105105,0.062413313648944535,-0.577739418727518,0.41083699310368643,-0.7323635935114623,0.6981985115583552,-0.11667809981481896,-1396.8616041802209,-20.244371075075666,137.5535147706884,-26.640597504554837,-26.640597504554837,-26.640597504554837,-26.640597504554837,-26.640597504554837,1.2776332313281187,1.3913249264679033,1.412977424284968,-26.640597504554837
Surgical Services,Add Prof Scientific and Technic,Leavers,39,-56.26510635494355,Surgical Services|Add Prof Scientific and Technic|Leavers,1,12,0.338371854179101,1.7018473522154887e-14,-0.0041267394345541565,0.0014253218815110471,-0.12306918503237103,0.09238883855081477,0.8453009142602409,10,10,-0.026990553306342775,0.008006104745930016,-0.5,0.25,-0.6666666666666669,0.4722222222222225,-0.008097165991902829,0.01777300470546677,0.00045571806937094283,8.099479391295991e-06,0.0,0.0,0.0,0.0,0.0,0.0,0.000888650235273288,0.01777300470546677,0.0
Surgical Services,Add Prof Scientific and Technic,Sickness,377,-0.18636688265244483,Surgical Services|Add Prof Scientific and Technic|Sickness,1,12,0.11029446437561063,0.0011451152397984297,-4.869513276776709,7.801734962583026,-0.2323889648842721,0.10599533596696102,0.17226573590611238,10,3,-0.10500972495997311,0.03229071303530359,-0.542517515834576,0.3201355941197607,-0.6759951781297907,0.5111306458755096,-0.06078955453377696,-1377.6915732945151,-3.654354305820995,18.993538183528866,-7.292237858681361,-7.292237858681361,-7.292237858681361,-7.292237858681361,1.2824629621074117,2.5071262674513597,2.632748351215693,3.015763987258147,-7.292237858681361
Surgical Services,Additional Clinical Services,Hires,307,-2.831903875963779,Surgical Services|Additional Clinical Services|Hires,1,12,0.1722001553746737,2.9178988966374588e-09,-0.206661935242838,-0.1889567886823296,0.03844945766270987,0.14896990302359311,0.15759223787493126,9,4,0.15445741394467075,0.05807390911122216,-0.45060945303467514,0.22575859759500577,-0.6460286282131278,0.4634628377381379,-0.030209561379011728,29.81745425391335,0.09712525815606955,0.02121078362746419,0.0,0.0,0.0,0.0,0.3035248343071459,0.337388198741214,0.3461539397479982,0.35214106312403265,0.0
Surgical Services,Additional Clinical Services,Leavers,264,-7.7562031948641765,Surgical Services|Additional Clinical Services|Leavers,1,12,0.190411683458254,1.0033438433287043e-10,-0.06705572331234472,-0.013556220417303203,-0.06829112507333976,0.08956811143351101,0.21145993129816398,10,3,0.05944146584473153,0.06012193561594025,-0.4328299484125315,0.2790546825712752,-0.5810972706919201,0.4174298671157731,0.0881110903912038,5.522894849574815,0.02092005624838945,0.002257871694430043,0.0,0.0,0.0,0.0,0.0,0.12833271196171064,0.1289033753730166,0.1289263033038269,0.0
Surgical Services,Additional Clinical Services,Sickness,1412,0.16814447838920019,Surgical Services|Additional Clinical Services|Sickness,1,12,0.11277234811026338,4.96988388508448e-05,7.235489375032687,-1.5725104985785543,-0.13911477341629952,0.06795989643842187,0.1946068104650408,4,3,-0.04826001139585421,0.00501030128062098,-0.5138805416975104,0.26843137047237287,-0.6711459684197557,0.48400835329849606,-0.004600479987885973,2592.4893798718613,1.8360406373030178,12.95502928002232,2.685974225421051,-3.2055126938654905,-3.2055126938654905,-3.2055126938654905,4.965446447646244,6.515053734326895,6.777135597543377,7.869137646324709,-3.2055126938654905
Surgical Services,Administrative and Clerical,Hires,268,-4.4336280003745,Surgical Services|Administrative and Clerical|Hires,1,12,0.1109440746497663,9.4876112261376e-10,-0.10938504891196923,-0.05143793701912253,-0.20664266807694354,0.09563462962360895,0.20066602819641988,1,5,-0.10145304487148853,0.0381496559917623,-0.5251715164728095,0.3282729588624746,-0.6684186529432088,0.545044442150674,-0.07637409851685169,13.301243628440456,0.04963150607627036,0.008394733471397948,0.0,0.0,0.0,0.0,0.0,0.22381964923161643,0.22506593664193292,0.22536933433178472,0.0
Surgical Services,Administrative and Clerical,Leavers,254,-3.782225895549541,Surgical Services|Administrative and Clerical|Leavers,1,12,0.08782800665687573,1.9911994168076215e-09,0.06726428425795028,-0.004317797711755073,0.022096630647519825,0.14156345790720257,0.18802663079931015,2,2,0.1057572447342803,0.049261449993725975,-0.42234306585388065,0.20766931621518386,-0.6429104671941352,0.4834689663022222,-0.039179189662925835,16.75871317377617,0.06597918572352822,0.0122125215287071,0.0,0.0,0.0,0.0,0.24517741790732278,0.2602481635164842,0.2602481635164842,0.26379396625019885,0.0
Surgical Services,Administrative and Clerical,Sickness,1500,-0.08519262253856952,Surgical Services|Administrative and Clerical|Sickness,1,12,0.09120890905379597,3.744640508147295e-05,3.845062766823837,-5.599093408120227,-0.12285362777302358,0.08572150378245745,0.19167963487663575,8,7,-0.03267513246932401,0.01741035130336172,-0.4909899895157955,0.27027248905856055,-0.6524864348815446,0.48024995649776103,-0.02504253096562945,-3003.420767318933,-2.002280511545955,14.439703987085634,-5.639232755309251,-5.639232755309251,-5.639232755309251,-5.639232755309251,1.9067096244527562,3.217018679756123,3.4839875604440254,4.257105818345594,-5.639232755309251
Surgical Services,Allied Health Professionals,Hires,33,-5.312644949658204,Surgical Services|Allied Health Professionals|Hires,1,12,0.7134751890102969,2.4163846530822796e-10,0.14297313411605578,0.09770149345422982,-0.1757513950582284,0.2916001030178129,0.9180675110955109,10,8,0.2198013089645045,0.12316819977402534,-0.27697536480677704,0.16340919316682537,-0.43563822290316795,0.340815658419196,-0.08079439857562895,1.114037276425806,0.033758705346236546,0.005289584767379781,0.0,0.0,0.0,0.0,0.0,0.18768072704220498,0.18778332980526832,0.1881937408575217,0.0
Surgical Services,Allied Health Professionals,Leavers,46,-16.5890577914678,Surgical Services|Allied Health Professionals|Leavers,1,12,0.09850946004005989,7.120735943788476e-11,-0.020432006257546202,0.0022743941759486123,-0.45015162479006104,0.43418002962097124,0.46904601727293216,9,9,-0.09730848861283643,0.1357452558843323,-0.6250000000000001,0.5781250000000002,-0.7692307692307692,0.8964497041420117,-0.07246376811594203,0.24112035026448966,0.00524174674488021,0.0002949080892620951,0.0,0.0,0.0,0.0,0.0,0.060280087566122416,0.060280087566122416,0.060280087566122416,0.0
Surgical Services,Allied Health Professionals,Sickness,462,-0.06013508441368874,Surgical Services|Allied Health Professionals|Sickness,1,12,0.08273752937100476,0.0004599850574034837,4.813290312808919,-6.123293163079248,-0.1091356365314131,0.09405429728667491,0.17952223150670932,9,4,-0.043687500417171496,0.02140552311941269,-0.48382088523303673,0.2646261836808937,-0.6460831486960367,0.46695615280882746,0.028916259041468488,-720.7920595008223,-1.560155972945503,14.689299226831407,-1.0131980050033182,-5.306005085067675,-5.306005085067675,-5.306005085067675,2.3859264423741546,3.5873823355241075,3.757385539958719,4.150478460474151,-5.306005085067675
Surgical Services,Estates and Ancillary,Hires,37,-4.728341075350167,Surgical Services|Estates and Ancillary|Hires,1,12,0.32589020113703304,8.468776550508154e-09,-0.036642538494151736,0.002650875051880986,-0.08288253241875689,0.7701715206868174,0.678531517223191,7,3,0.2577383644812783,0.18213303440857795,-0.19858745556633065,0.32128411114153216,-0.3893718727563304,0.4237714921832611,-0.06666993111816616,1.8392873753501173,0.04971046960405723,0.007902972360120754,0.0,0.0,0.0,0.0,0.0,0.20351221199392383,0.20427995873440413,0.2111896793987268,0.0
Surgical Services,Estates and Ancillary,Leavers,33,-11.87616255028524,Surgical Services|Estates and Ancillary|Leavers,1,12,0.18117958091284914,3.847674069946009e-11,0.008187404309164897,0.01192780944854495,-0.161001048009955,0.49529070967833866,0.8723570441218829,8,2,-0.14211076280041798,0.13621200110498566,-0.625,0.546875,-0.6650392327811682,0.6483708210418139,0.19984326018808773,0.3367195330916154,0.010203622214897436,0.0007784141276036055,0.0,0.0,0.0,0.0,0.0,0.08417988327290385,0.08417988327290385,0.08417988327290385,0.0
Surgical Services,Estates and Ancillary,Sickness,179,0.225041435927816,Surgical Services|Estates and Ancillary|Sickness,1,12,0.15881576389962992,0.0027162483524414767,5.553653942769641,2.0369784153029626,-0.18109578629871986,0.11056823660916862,0.19543605749379578,9,9,-0.03922577779703253,0.05080093667546085,-0.5251408000864726,0.2942269377581973,-0.6709683331418208,0.4965263383042145,0.0472002371082298,447.9485035744334,2.5025056065610807,12.008736359834673,3.1552979593462367,-2.867268896326167,-2.867268896326167,0.009961479746512028,5.110337234084755,7.587971168440137,8.128405068922195,8.786283573535169,-2.867268896326167
Surgical Services,Healthcare Scientists,Sickness,55,-0.028511069469803762,Surgical Services|Healthcare Scientists|Sickness,1,12,0.049829730877530176,0.03209667789958677,1.1180954284672266,-2.8875213555298296,-0.5101799045753465,0.3889256584213552,0.4009667677879277,12,10,-0.4013501350478675,0.2554277711621951,-0.6744513306695538,0.6077653795231972,-0.7625525741565464,0.824903139453987,-0.17698716228683606,-71.42879193496768,-1.2987053079085031,12.75587960036239,-0.07264582149283128,-4.9211733522640415,-4.9211733522640415,-4.9211733522640415,2.3965872339062853,3.2874359463076828,3.7639288539155342,3.8523065873386972,-4.9211733522640415
Surgical Services,Medical and Dental,Hires,248,-1.0683521429770368,Surgical Services|Medical and Dental|Hires,1,12,0.1822696532740472,1.0576619751727775e-07,0.28497482046982026,-0.20941331830744206,-0.12761822319268354,0.10074905645171486,0.22017230271685906,12,3,0.044475438889343605,0.04478661354819361,-0.5520490245145108,0.34350563756917213,-0.7002707120567787,0.5676672284341193,-0.052430622377270863,70.91417315454635,0.28594424659091267,0.11664043102083699,0.0,0.0,0.0,0.0,0.646585286671987,0.8345206320304256,0.863791983787349,0.8957375330474138,0.0
Surgical Services,Medical and Dental,Leavers,234,-1.1725513704691934,Surgical Services|Medical and Dental|Leavers,1,12,0.2973169162716496,7.65469714987129e-08,0.17490527353505064,0.20547031253497894,-0.10116549502332808,0.08060586524455665,0.2609345315246471,12,12,0.14280469682980093,0.12134017923428016,-0.5438231353394983,0.39600780032742,-0.709767840943012,0.7143815019473727,-0.010149642967043505,60.57112074794381,0.25885094336728126,0.10379843823708199,0.0,0.0,0.0,0.0,0.6176510517396467,0.7817386122792471,0.8031764956732576,0.8220727958830965,0.0
Surgical Services,Medical and Dental,Sickness,613,-0.14539765550593683,Surgical Services|Medical and Dental|Sickness,1,12,0.1177055592311963,0.00035729415496824,4.84572100598033,-8.99677623343727,-0.11982075588031602,0.0666123387894472,0.19076355994681682,7,4,-0.008038419372964192,0.0015716484252679326,-0.5015041607702454,0.25590196275117383,-0.6658156595941457,0.4770626456888242,0.022556851887704905,-1784.403077061383,-2.9109348728570685,17.76617897706634,-6.557317326119522,-6.557317326119522,-6.557317326119522,-6.557317326119522,1.7445943901667664,2.8121236193157952,3.0638869564823543,3.432050776709371,-6.557317326119522
Surgical Services,Nursing and Midwifery Registered,Hires,149,-10.228769549331712,Surgical Services|Nursing and Midwifery Registered|Hires,1,12,0.19945367639354972,6.841362047787722e-11,0.012811584418985805,0.05436117897058064,-0.10075029402988989,0.2859049618867942,0.31352286862852186,9,5,-0.011954237333780919,0.10572208044424139,-0.5312355706548759,0.4804867371295075,-0.690768014646293,0.7472360718487349,0.0237447269865309,1.7586768724413595,0.011803200486183621,0.0010207584371987426,0.0,0.0,0.0,0.0,0.0,0.09768199718082547,0.09776218181812565,0.09776218181812565,0.0
Surgical Services,Nursing and Midwifery Registered,Leavers,283,-7.101504106633436,Surgical Services|Nursing and Midwifery Registered|Leavers,1,12,0.1570423703459165,1.3061834728725226e-10,-0.009416551131112713,-0.041874045487790806,-0.053385638519073284,0.10011008032651109,0.18546284683783598,8,12,0.11075132104532531,0.037817598733643536,-0.45846141513818117,0.2936345559229494,-0.6573058798146035,0.5927787795280449,0.016994440282835675,6.860398970083094,0.02424169247379185,0.00281635496569941,0.0,0.0,0.0,0.0,0.0,0.13978986148482025,0.1407576460901923,0.14080777275800108,0.0
Surgical Services,Nursing and Midwifery Registered,Sickness,1629,0.14170191484298245,Surgical Services|Nursing and Midwifery Registered|Sickness,1,12,0.12756023829896257,3.42418937637788e-05,5.00279031384371,-3.9206102562753116,-0.11761221711422894,0.07224507415856839,0.1872946437292854,3,11,-0.010402334629381116,0.008297680242391265,-0.5168302448279108,0.28034711937436624,-0.6721758873738373,0.4948962014832058,0.028169120097560195,2253.261342785629,1.3832175216609142,12.419403179559678,2.242529662409087,-3.3823798234016937,-3.3823798234016937,-3.3823798234016937,4.348841832539044,6.157324801613455,6.6424084802501495,8.39183251656757,-3.3823798234016937
Surgical Services,Students,Hires,60,-10.558097321890536,Surgical Services|Students|Hires,1,12,0.42729616890595934,2.1928085593106395e-10,0.07297334185726213,0.04772835712057074,-0.0775571984990943,0.2078310611584674,0.3989997467818148,4,9,0.20803500093003435,0.09570317893231334,-0.4472195395491333,0.2995883967447035,-0.6154252648874607,0.49865119934699886,-0.08302062363866022,0.6626823988906081,0.011044706648176802,0.0009392592525533786,0.0,0.0,0.0,0.0,0.0,0.09465121327231257,0.09468373859322284,0.0947131662645226,0.0
